-- --------------------------------------------------------
-- Host:                         127.0.0.1
-- Server version:               9.0.1 - MySQL Community Server - GPL
-- Server OS:                    Win64
-- HeidiSQL Version:             12.8.0.6908
-- --------------------------------------------------------

/*!40101 SET @OLD_CHARACTER_SET_CLIENT=@@CHARACTER_SET_CLIENT */;
/*!40101 SET NAMES utf8 */;
/*!50503 SET NAMES utf8mb4 */;
/*!40103 SET @OLD_TIME_ZONE=@@TIME_ZONE */;
/*!40103 SET TIME_ZONE='+00:00' */;
/*!40014 SET @OLD_FOREIGN_KEY_CHECKS=@@FOREIGN_KEY_CHECKS, FOREIGN_KEY_CHECKS=0 */;
/*!40101 SET @OLD_SQL_MODE=@@SQL_MODE, SQL_MODE='NO_AUTO_VALUE_ON_ZERO' */;
/*!40111 SET @OLD_SQL_NOTES=@@SQL_NOTES, SQL_NOTES=0 */;


-- Dumping database structure for portaljob
CREATE DATABASE IF NOT EXISTS `portaljob` /*!40100 DEFAULT CHARACTER SET utf8mb3 COLLATE utf8mb3_unicode_ci */ /*!80016 DEFAULT ENCRYPTION='N' */;
USE `portaljob`;

-- Dumping structure for table portaljob.blog
CREATE TABLE IF NOT EXISTS `blog` (
  `id` int NOT NULL AUTO_INCREMENT,
  `content` longtext CHARACTER SET utf8mb3 COLLATE utf8mb3_unicode_ci,
  `create_at` date DEFAULT NULL,
  `image_file_name` varchar(255) CHARACTER SET utf8mb3 COLLATE utf8mb3_unicode_ci DEFAULT NULL,
  `shortcontent` mediumtext CHARACTER SET utf8mb3 COLLATE utf8mb3_unicode_ci,
  `title` varchar(255) COLLATE utf8mb3_unicode_ci DEFAULT NULL,
  `update_at` datetime(6) DEFAULT NULL,
  `category_id` int DEFAULT NULL,
  `count` int DEFAULT NULL,
  PRIMARY KEY (`id`),
  KEY `FKq69i1gk1y20c28pfm8rlkgj7x` (`category_id`),
  CONSTRAINT `FKq69i1gk1y20c28pfm8rlkgj7x` FOREIGN KEY (`category_id`) REFERENCES `categories` (`id`)
) ENGINE=InnoDB AUTO_INCREMENT=59 DEFAULT CHARSET=utf8mb3 COLLATE=utf8mb3_unicode_ci;

-- Dumping data for table portaljob.blog: ~33 rows (approximately)
DELETE FROM `blog`;
INSERT INTO `blog` (`id`, `content`, `create_at`, `image_file_name`, `shortcontent`, `title`, `update_at`, `category_id`, `count`) VALUES
	(7, '<p>Chúng ta đã biết nhiều về các ứng cử viên vô địch <a href="https://www.24h.com.vn/euro-2024-c955.html">EURO 2024</a>, có thể gọi là “top 8” quen thuộc: Anh – Pháp – Đức – Tây Ban Nha – Bồ Đào Nha – Ý – Hà Lan – Bỉ. Ngoài ra còn có các đội “ngựa ô” là những đội mạnh nhưng không thuộc top 8, tiêu biểu là Croatia hay cựu vương Đan Mạch.</p><figure class="image"><img src="https://icdn.24h.com.vn/upload/2-2024/images/2024-05-28/2dlmyevv5fm4hircnmozq3t5ae-740-1716870988-668-width740height482.jpg" alt="Đan Mạch vào tới bán kết EURO 2021 và chỉ thua ĐT Anh sau hiệp phụ"></figure><p><i>Đan Mạch vào tới bán kết EURO 2021 và chỉ thua ĐT Anh sau hiệp phụ</i></p><p>Nhưng “ngựa ô” thường được đánh giá là đủ khả năng vào sâu trong giải, vậy còn vô địch? Đội bóng nào trong các “ngựa ô” có thể tạo ra cú sốc kinh thiên động địa như Hy Lạp 2004?</p><p><strong>Scotland</strong></p><p>Vòng loại của Scotland có Tây Ban Nha và Na Uy ngáng đường nhưng bằng một cách nào đó họ có lúc &nbsp;qua mặt cả 2 đối thủ này trên BXH trước khi về đích ở vị trí thứ 2 bảng A. Đây đã là lần thứ 2 liên tiếp HLV Steve Clarke đưa Scotland tới EURO và có thể nói lần này họ còn mạnh hơn nhiều so với EURO 2021.</p><p>Đội bóng của Clarke là một tập thể không khác gì Hy Lạp 2004: Chơi cần cù, thận trọng, cầu thủ hay nhất của họ là một tiền vệ và mối đe dọa lớn nhất của họ đến từ không chiến. Scotland đá 3-4-2-1 với 2 cầu thủ đá cánh lùi xuống tạo thành hàng thủ 5 người khi không có bóng, mục đích không gì khác ngoài buộc đối phương phải đưa bóng ra cánh tạt vào vòng cấm, nơi Scotland đã có những trung vệ giỏi không chiến chờ sẵn.</p><figure class="image"><img src="https://icdn.24h.com.vn/upload/2-2024/images/2024-05-28/13f2a6168eea3ff60375a2a8796089a0-1700429879-1275x720-740-1716871035-689-width740height418.jpg" alt="Scotland là một trong những đội khó chịu nhất trong 2 năm trở lại đây và sớm đoạt vé dự EURO"></figure><p><i>Scotland là một trong những đội khó chịu nhất trong 2 năm trở lại đây và sớm đoạt vé dự EURO</i></p><p>Khi tấn công Scotland sẽ chơi trực diện để tận dụng chiều cao, khả năng đánh đầu và băng cắt của Scott McTominay &amp; Lyndon Dykes. Nhưng mấu chốt của cách lên bóng là John McGinn, người vừa có mùa giải thành công cho Aston Villa: Anh đã quá dày dạn kinh nghiệm trong thoát pressing và kiến thiết tình huống ở Premier League, và ở <a href="https://www.24h.com.vn/euro-2024-c955.html">vòng loại EURO</a> anh đã ghi 3 bàn &amp; 2 kiến tạo, những con số đóng góp hàng công tốt chỉ sau McTominay.</p><p>Đội tuyển quốc gia thường khó đá ăn ý với nhau do thời gian tập trung ít và nhân sự thay đổi thường xuyên, nhưng Scotland đã duy trì tính nhất quán trong suốt chiến dịch vòng loại và họ sẽ có đủ quân chủ lực đến Đức. Đội tuyển này chưa từng vượt qua vòng bảng, nhưng không thể đánh giá thấp một đội đã hạ được Tây Ban Nha.</p><p><strong>Thổ Nhĩ Kỳ</strong></p><p>Mặc dù Bồ Đào Nha được đánh giá mạnh nhất bảng F nhưng Thổ Nhĩ Kỳ hứa hẹn sẽ không để điều đó xảy ra dễ dàng. Khác với EURO 2021, thế hệ tuyển Thổ Nhĩ Kỳ lúc này đã xuất hiện không ít nhân tố mới và họ được thổi làn gió mới bởi chiến thuật của HLV Vincenzo Montella.</p><figure class="image"><img src="https://icdn.24h.com.vn/upload/2-2024/images/2024-05-28/296841-740-1716871091-365-width740height493.jpg" alt="Montella tạo nên dấu ấn rõ rệt sau khi lên nắm tuyển Thổ Nhĩ Kỳ"></figure><p><i>Montella tạo nên dấu ấn rõ rệt sau khi lên nắm tuyển Thổ Nhĩ Kỳ</i></p><p>Nhà cầm quân người Ý lên dẫn dắt tuyển Thổ Nhĩ Kỳ giữa chiến dịch vòng loại và chỉ trong thời gian ngắn đã mang về những kết quả ấn tượng, trong đó đánh bại Croatia. Đã làm việc ở cấp CLB tại Thổ Nhĩ Kỳ, Montella không ngại sử dụng những cầu thủ đang đá trong nước nếu ông thấy họ phù hợp với lối chơi ở tuyển, do đó tại EURO này đội hình của Thổ Nhĩ Kỳ được xem là một “ẩn số”.</p><p>Phong cách bóng đá của Montella đề cao tốc độ và sự đơn giản nhưng chính xác trong xử lý, các cầu thủ đều phải lên bóng nhanh và tránh những pha xử lý rườm rà không cần thiết. Cách chơi phản công của Thổ Nhĩ Kỳ thời Montella thậm chí đã được so sánh với Liverpool của Jurgen Klopp, các tiền đạo tăng tốc, di chuyển rộng và luân chuyển bóng để lọt vào vòng cấm không những nhanh mà với quân số đông hơn đối phương.</p><p>Đá tại Đức có nghĩa Thổ Nhĩ Kỳ sẽ thu hút lượng lớn kiều bào tại Đức tới cổ vũ, nên với họ mỗi trận đấu dều như một trận sân nhà.</p><p><strong>Hungary</strong></p><p>Mặc dù vòng loại của Hungary không quá khó khi không có ông lớn nào cạnh tranh trực tiếp, không vì thế mà thành tích đoạt vé sớm của họ nên bị xem thường. Hungary đã hạ Thổ Nhĩ Kỳ và Serbia (2 lần) trong 1 năm qua, nhưng ấn tượng nhất là chiến dịch UEFA Nations League 2022 khi đội tuyển Trung Âu này “xông khói” ĐT Anh 2 lần, thắng 1 hòa 1 trước ĐT Đức và chỉ có Italia đánh bại được họ.</p><figure class="image"><img src="https://icdn.24h.com.vn/upload/2-2024/images/2024-05-28/2024-05-28_11-39-00-740-1716871153-964-width740height416.jpg" alt="Ít tên tuổi lớn, nhưng lối đá và phong độ thực tế của Hungary ấn tượng hơn rất nhiều đội tuyển dự VCK, và họ còn đánh bại cả Anh &amp;amp; Đức"></figure><p><i>Ít tên tuổi lớn, nhưng lối đá và phong độ thực tế của Hungary ấn tượng hơn rất nhiều đội tuyển dự VCK, và họ còn đánh bại cả Anh &amp; Đức</i></p><p>Dẫn dắt bởi HLV Marco Rossi, cách đá của Hungary rất giống Scotland: Cũng 3-4-2-1, cũng chuyển sang 5-4-1 khi phòng ngự, chỉ khác là họ không dựa nhiều vào bóng bổng như Scotland. Dominik Szobsozlai của Liverpool là đội trưởng và cũng là chuyên gia kiến thiết của đội, anh được xem là cầu thủ nổi tiếng duy nhất trong thành phần tuyển Hungary nhưng các đồng đội của anh đều khá dày dạn kinh nghiệm.</p><p>Rossi đã duy trì một bộ khung ổn định cho Hungary và ở EURO 2024 bộ khung đó sẽ không thay đổi, nên tính kết dính của họ không thể bị xem nhẹ. Hungary cùng bảng với Đức &amp; Scotland và Thụy Sĩ, không đối thủ nào yếu trong 3 đội, nhưng trong khi Thụy Sĩ có nhiều cầu thủ được biết đến hơn (Akanji, Xhaka, Sommer, Shaqiri, Schar), phong độ thực tế của Hungary ấn tượng hơn rất nhiều và dám đấu được cả với những đội mạnh.</p>', '2024-06-05', '1717556880257_DT-Ha-Lan.jpg', 'EURO có 8 đội được xem là ứng cử viên vô địch, nhưng những "ngựa ô" nào có thể tạo ra cú sốc như Hy Lạp 2004?\r\n', 'EURO có 8 đội được xem là ứng cử viên vô địch, nhưng những "ngựa ô" nào có thể tạo ra cú sốc như Hy Lạp 2004?', '2024-06-18 04:15:44.692000', 3, 33),
	(8, '<p><i>Tràm Chim rộng gần 7.500 ha, được công nhận là Ramsar thứ 4 của Việt Nam. Nơi đây có nhiều loài chim quý, đặc biệt là sếu đầu đỏ từ Campuchia bay về. Vào những năm 1990, vườn ghi nhận hàng nghìn sếu về, song số lượng ngày càng thưa vắng, có năm chim không về. Đồng Tháp đang có đề án khôi phục loài chim quý hiếm này.</i></p><figure class="image"><img src="https://icdn.24h.com.vn/upload/2-2024/images/2024-06-11//1718092453-chayrungtramchim-44-jpg-1718090845-width1200height800.jpg" alt="Cột khói cao hàng trăm mét che kín khu vực rộng lớn rừng tràm, vườn cây ăn trái và nhà dân quanh vườn quốc gia."></figure><p><i>Cột khói cao hàng trăm mét che kín khu vực rộng lớn rừng tràm, vườn cây ăn trái và nhà dân quanh vườn quốc gia.</i></p><figure class="image"><img src="https://icdn.24h.com.vn/upload/2-2024/images/2024-06-11//1718092453-chayrungtramchim-40-jpg-1718090847-width1200height800.jpg" alt="Khói bao trùm nhà dân hai ven đường tỉnh lộ 843. Chính quyền đưa ra phương án xấu nhất sẽ di dời người dân, nhất là trẻ nhỏ ra khỏi khu vực cháy. Hiện, địa phương chưa ghi nhận thương vong."></figure><p><i>Khói bao trùm nhà dân hai ven đường tỉnh lộ 843. Chính quyền đưa ra phương án xấu nhất sẽ di dời người dân, nhất là trẻ nhỏ ra khỏi khu vực cháy. Hiện, địa phương chưa ghi nhận thương vong.</i></p><figure class="image"><img src="https://icdn.24h.com.vn/upload/2-2024/images/2024-06-11//1718092453-chayrungtramchim-19-jpg-1718091842-width1200height800.jpg" alt="Khói che kín khu vực cầu tre dẫn vào nhà dân nằm sát rừng tràm."></figure><p><i>Khói che kín khu vực cầu tre dẫn vào nhà dân nằm sát rừng tràm.</i></p><figure class="image"><img src="https://icdn.24h.com.vn/upload/2-2024/images/2024-06-11//1718092453-chayrungtramchim-21-jpg-1718091844-width1200height800.jpg" alt="Vườn cây ăn trái ven vườn quốc gia phủ một màu vàng cam do khói lửa."></figure><p><i>Vườn cây ăn trái ven vườn quốc gia phủ một màu vàng cam do khói lửa.</i></p><figure class="image"><img src="https://icdn.24h.com.vn/upload/2-2024/images/2024-06-11//1718092454-chayrungtramchim-30-jpg-1718090179-width1200height675.jpg" alt="Người dân dùng cây dập lửa cháy lan vào vườn cây ăn trái. &quot;Lửa cháy lớn lắm, kèm nhiều tiếng nổ, lan sang vườn cây đã cho thu hoạch&quot;, bà Thủm, người dân ở khu vực, nói."></figure><p><i>Người dân dùng cây dập lửa cháy lan vào vườn cây ăn trái. "Lửa cháy lớn lắm, kèm nhiều tiếng nổ, lan sang vườn cây đã cho thu hoạch", bà Thủm, người dân ở khu vực, nói.</i></p><figure class="image"><img src="https://icdn.24h.com.vn/upload/2-2024/images/2024-06-11//1718092454-chayrungtramchim-20-jpg-1718089179-width1200height800.jpg" alt="Một số chủ vườn dùng hệ thống tưới nước tự động để đám cháy không lan rộng."></figure><p><i>Một số chủ vườn dùng hệ thống tưới nước tự động để đám cháy không lan rộng.</i></p><figure class="image"><img src="https://icdn.24h.com.vn/upload/2-2024/images/2024-06-11//1718092454-chayrungtramchim-34-jpg-1718090180-width1200height675.jpg" alt="Khoảng 200 người phối hợp các lực lượng chữa cháy dập tắt đám cháy."></figure><p><i>Khoảng 200 người phối hợp các lực lượng chữa cháy dập tắt đám cháy.</i></p><figure class="image"><img src="https://icdn.24h.com.vn/upload/2-2024/images/2024-06-11//1718092454-chayrungtramchim-36-jpg-1718090182-width1200height900.jpg" alt="Ba xe máy của lực lượng dân quân tham gia chữa cháy dựng trên đê bị lửa thiêu rụi, hư hỏng."></figure><p><i>Ba xe máy của lực lượng dân quân tham gia chữa cháy dựng trên đê bị lửa thiêu rụi, hư hỏng.</i></p><figure class="image"><img src="https://icdn.24h.com.vn/upload/2-2024/images/2024-06-11//1718092454-chayrungtramchim-28-jpg-1718090184-width1200height800.jpg" alt="Khói mù mịt không thấy đường bao trùm nhà dân ở ven tỉnh lộ 843. Do đây là tuyến huyết mạch nối huyện Tam Nông và Tân Hồng, nhiều ôtô phải dừng lại, một số tài xế bật đèn cảnh báo, cho xe chạy chậm."></figure><p><i>Khói mù mịt không thấy đường bao trùm nhà dân ở ven tỉnh lộ 843. Do đây là tuyến huyết mạch nối huyện Tam Nông và Tân Hồng, nhiều ôtô phải dừng lại, một số tài xế bật đèn cảnh báo, cho xe chạy chậm.</i></p><figure class="image"><img src="https://icdn.24h.com.vn/upload/2-2024/images/2024-06-11//1718092455-441889378-322816807538990-8339-1744-7616-1718090237-1718090387-width1200height720.jpg" alt="Vị trí Vườn quốc gia Tràm Chim. Đồ họa: Đăng Hiếu"></figure><p><i>Vị trí Vườn quốc gia Tràm Chim. Đồ họa: Đăng Hiếu</i></p>', '2024-06-05', '1718094425541_chayrungtramchim.jpg', 'Đồng Tháp - Nhà dân, rừng tràm, cây ăn trái quanh Vườn quốc gia Tràm Chim bị khói lửa bao trùm, lực lượng chức năng nỗ lực dập tắt hoả hoạn, chiều 11/6.', 'Đám cháy ở rừng Tràm Chim tấn công khu dân cư', '2024-06-11 08:27:05.541000', 3, 16),
	(9, '<h4>Cúp <a href="https://www.24h.com.vn/cup-c1-champions-league-c153.html">C1</a> luôn được xem là sân khấu lớn để các ngôi sao trình diễn. Chính vì thế giải đấu đỉnh cao nhất của <a href="https://www.24h.com.vn/bong-da-c48.html">bóng đá</a> châu Âu cấp CLB luôn sản sinh ra nhiều bàn thắng đẹp, những siêu phẩm để đời mang đậm dấu ấn cá nhân cũng như tập thể.</h4><h4>&nbsp;</h4><figure class="image"><img src="https://icdn.24h.com.vn/upload/2-2024/images/2024-06-04/Lewandowski-tai-hien-Tiki-Taka-Gvardiol-do-sung-Valverde-dep-nhat-cup-C1-fer-1717505371-620-width740height526.jpg" alt="Fernandes có bàn thắng đẹp mắt vào lưới Galatasaray ở vòng bảng"></figure><p>&nbsp;</p><p>&nbsp;</p><p><i>Fernandes có bàn thắng đẹp mắt vào lưới Galatasaray ở vòng bảng</i></p><p>Mùa giải vừa qua chứng kiến nhiều pha làm bàn khiến người hâm mộ không thể quên. Có thể kể tới pha nã đại bác từ xa của Bruno Fernandes bên phía MU vào lưới Galatasaray, cú sút hiểm hóc không thể cản phá của Erling Haaland vào lưới Young Boys, hay pha làm bàn của Lewandowski&nbsp;gợi nhớ thời kỳ đỉnh cao tiki-taka của Barcelona.</p><p>Bên cạnh đó những siêu sao hàng đầu khác như Mbappe, Valverde hay Morata cũng có cho riêng mình những bàn thắng ghi dấu ấn đặc biệt ở châu Âu mùa giải vừa qua.&nbsp;</p><p><i>10 bàn thắng đẹp nhất </i><a href="https://www.24h.com.vn/cup-c1-champions-league-c153.html"><i>Champions League</i></a><i> 2023/24</i></p><p><img src="https://icdn.24h.com.vn/upload/2-2024/images/2024-06-04/cp_special_c1_ban_quyen-1717478370-top10goalc12024.jpg" alt=""></p><p>&nbsp;</p><p><i><strong>Danh sách ghi bàn:</strong></i></p><p>Bruma - Union Berlin 2-3 BRAGA</p><p>Meschack Elia - YOUNG BOYS 1-3 Man City</p><p>Alvaro Morata - ATLETICO MADRID 6-0 Celtic</p><p>Bruno Fernandes - Galatasaray 3-3 MAN UTD</p><p>Erling Haaland - MAN CITY 3-0 Young Boys</p><p>Kylian Mbappe - Real Sociedad 1-2 PSG</p><p>Robert Lewandowski - BARCELONA 3-1 Napoli</p><p>Erling Haaland - MAN CITY 3-1 Copenhagen</p><p>Josko Gvardiol - Real Madrid 3-3 MAN CITY</p><p>Federico Valverde - REAL MADRID 3-3 Man City</p>', '2024-06-05', '1717567946863_Bruno.jpg', 'Mùa giải 2023/24 đã kết thúc với việc Real Madrid lên ngôi lần thứ 15. Hãy cùng nhìn lại những bàn thắng đẹp nhất của mùa giải vừa qua, với những siêu phẩm mãn nhãn người yêu bóng đá trên toàn thế giới.', 'Lewandowski tái hiện đỉnh cao tiki-taka, Fernandes của MU "nã đại bác" đẹp nhất cúp C1', '2024-06-05 00:00:00.000000', 4, 93),
	(10, '<p>Cúp <a href="https://www.24h.com.vn/cup-c1-champions-league-c153.html">C1</a> luôn được xem là sân khấu lớn để các ngôi sao trình diễn. Chính vì thế giải đấu đỉnh cao nhất của <a href="https://www.24h.com.vn/bong-da-c48.html">bóng đá</a> châu Âu cấp CLB luôn sản sinh ra nhiều bàn thắng đẹp, những siêu phẩm để đời mang đậm dấu ấn cá nhân cũng như tập thể.</p><p>&nbsp;</p><figure class="image"><img src="https://icdn.24h.com.vn/upload/2-2024/images/2024-06-04/Lewandowski-tai-hien-Tiki-Taka-Gvardiol-do-sung-Valverde-dep-nhat-cup-C1-fer-1717505371-620-width740height526.jpg" alt="Fernandes có bàn thắng đẹp mắt vào lưới Galatasaray ở vòng bảng"></figure><p>&nbsp;</p><p>&nbsp;</p><p><i>Fernandes có bàn thắng đẹp mắt vào lưới Galatasaray ở vòng bảng</i></p><p>Mùa giải vừa qua chứng kiến nhiều pha làm bàn khiến người hâm mộ không thể quên. Có thể kể tới pha nã đại bác từ xa của Bruno Fernandes bên phía MU vào lưới Galatasaray, cú sút hiểm hóc không thể cản phá của Erling Haaland vào lưới Young Boys, hay pha làm bàn của Lewandowski&nbsp;gợi nhớ thời kỳ đỉnh cao tiki-taka của Barcelona.</p><p>Bên cạnh đó những siêu sao hàng đầu khác như Mbappe, Valverde hay Morata cũng có cho riêng mình những bàn thắng ghi dấu ấn đặc biệt ở châu Âu mùa giải vừa qua.&nbsp;</p><p><i>10 bàn thắng đẹp nhất </i><a href="https://www.24h.com.vn/cup-c1-champions-league-c153.html"><i>Champions League</i></a><i> 2023/24</i></p><p><img src="https://icdn.24h.com.vn/upload/2-2024/images/2024-06-04/cp_special_c1_ban_quyen-1717478370-top10goalc12024.jpg" alt=""></p><p>&nbsp;</p><p>Play Video</p><p>&nbsp;</p><figure class="image"><img style="aspect-ratio:740/493;" src="https://ckeditor.com/apps/ckfinder/userfiles/files/Biden.jpg" width="740" height="493"></figure><p><i><strong>Danh sách ghi bàn:</strong></i></p><p>Bruma - Union Berlin 2-3 BRAGA</p><p>Meschack Elia - YOUNG BOYS 1-3 Man City</p><p>Alvaro Morata - ATLETICO MADRID 6-0 Celtic</p><p>Bruno Fernandes - Galatasaray 3-3 MAN UTD</p><p>Erling Haaland - MAN CITY 3-0 Young Boys</p><p>Kylian Mbappe - Real Sociedad 1-2 PSG</p><p>Robert Lewandowski - BARCELONA 3-1 Napoli</p><p>Erling Haaland - MAN CITY 3-1 Copenhagen</p><p>Josko Gvardiol - Real Madrid 3-3 MAN CITY</p><p>Federico Valverde - REAL MADRID 3-3 Man City</p>', '2024-06-05', '1717567954963_Bruno.jpg', 'Mùa giải 2023/24 đã kết thúc với việc Real Madrid lên ngôi lần thứ 15. Hãy cùng nhìn lại những bàn thắng đẹp nhất của mùa giải vừa qua, với những siêu phẩm mãn nhãn người yêu bóng đá trên toàn thế giới.', 'Lewandowski tái hiện đỉnh cao tiki-taka, Fernandes của MU "nã đại bác" đẹp nhất cúp C1', '2024-06-28 02:14:20.853000', 4, 36),
	(11, '<p><strong>Cùng với sự thay đổi về tiêu chuẩn sống cao cấp, xu hướng sống tận hưởng kỳ nghỉ dưỡng quanh năm ngay tại tổ ấm của mình dần trở nên thịnh hành. Những năm gần đây, dòng căn hộ cao cấp sở hữu các tiện ích độc đáo như tại các khu resort sang chảnh luôn nằm trong “bảng vàng” với lượng tìm kiếm khủng, đặc biệt là với các gia đình trẻ.</strong></p><p><strong>Ngắm hoàng hôn “dát vàng” từ ban công sang chảnh</strong></p><p>Từng có thời gian làm việc trong ngành điện ảnh tại Hollywood, ký ức khiến Daniel Nguyễn nhớ nhất là “Golden Hour” - khoảnh khắc hoàng hôn dát vàng trên đồi Beverly mỗi khi anh cùng người yêu ngồi uống trà chiều ngắm mặt trời đang dần lặn xuống. “Khoảng khắc vàng” cũng là thời điểm mà Jenny Ngô - bạn gái anh “say yes” và nhận chiếc nhẫn cầu hôn trong khung cảnh “dát vàng” tuyệt đẹp đó.</p><figure class="image"><img src="https://icdn.24h.com.vn/upload/2-2024/images/2024-06-05/Gia-dinh-tre-tan-huong-cuoc-song-chill-het-nac-tai-can-ho-cao-cap-phong-cach-Hollywood-1-1717552354-25-width845height476.jpg" alt="Hoàng hôn tại đồi Beverly là một trong những ký ức hạnh phúc kỳ diệu nhất mà vợ chồng anh Daniel không bao giờ có thể quên và luôn muốn trải nghiệm mỗi ngày"></figure><p><i>Hoàng hôn tại đồi Beverly là một trong những ký ức hạnh phúc kỳ diệu nhất mà vợ chồng anh Daniel không bao giờ có thể quên và luôn muốn trải nghiệm mỗi ngày</i></p><p>Quyết định về Việt Nam lập nghiệp, hai vợ chồng đặt tiêu chí tìm nhà phải có ban công hướng tây để mỗi ngày đều có thể tận hưởng khoảnh khắc đó.</p><p><i>“Vợ chồng tôi làm trong lĩnh vực nghệ thuật và yêu cái đẹp nên một yêu cầu không thể bỏ qua đó chính là căn hộ đó phải có thể phóng tầm mắt để ngắm được hoàng hôn, để ngôi nhà của chúng tôi sẽ được “dát” thứ ánh sáng kỳ diệu vào “Golden Hour” của mỗi buổi chiều”</i>, anh Daniel Nguyễn chia sẻ.</p><p>Sau khi xem một mẩu quảng cáo về The Beverly ở Vinhomes Grand Park (TP Thủ Đức), vợ chồng Daniel Nguyễn đã ngay lập tức liên hệ để đi xem nhà. Đến đây vào đúng thời khắc hoàng hôn, phải lòng với tầm view thơ mộng, phóng khoáng và chất sống đẳng cấp, cả hai vợ chồng đã ngay lập tức “chốt” một căn hộ ba phòng ngủ.</p><p><i>“Ban công kính rộng rãi với tầm view ngút ngàn nhìn ra công viên xanh rộng lớn của The Bevely khiến vợ chồng tôi rất phấn khích, cảm giác như được quay trở lại với đồi Beverly Hills thơ mộng ngắm hoàng hôn vậy. Sau khi đi một vòng dự án, bà xã tôi đã thích mê với không gian hiện đại với nhiều bãi cỏ xanh mướt và bãi cát trắng dưới hàng dừa xanh hệt như là đi nghỉ dưỡng”,</i> anh Daniel cho biết.</p><figure class="image"><img src="https://icdn.24h.com.vn/upload/2-2024/images/2024-06-05/Gia-dinh-tre-tan-huong-cuoc-song-chill-het-nac-tai-can-ho-cao-cap-phong-cach-Hollywood-2-1717552354-705-width1200height800.jpg" alt="Ban công căn hộ The Beverly với tầm view khoáng đạt là nơi lý tưởng để vợ chồng anh Daniel tận hưởng “Golden Hour” đầy ký ức hạnh phúc họ đã từng trải qua tại Beverly Hill"></figure><p><i>Ban công căn hộ The Beverly với tầm view khoáng đạt là nơi lý tưởng để vợ chồng anh Daniel tận hưởng “Golden Hour” đầy ký ức hạnh phúc họ đã từng trải qua tại Beverly Hill</i></p><p>Bên cạnh đó, căn hộ The Beverly cũng chinh phục đôi vợ chồng trẻ ngay từ giây phút đầu tiên nhờ thiết kế mặt ngoài hiện đại với những đường nét kiến trúc khoẻ khoắn, cá tính mang đậm chất Mỹ cùng những tiện ích nội khu đẳng cấp như đang ở một khu resort 5 sao.</p><p><strong>Tận hưởng cuộc sống nghỉ dưỡng chất Mỹ 365 ngày/năm</strong></p><p>Cá tính độc đáo cùng chất sống nghỉ dưỡng đẳng cấp tại The Beverly thu hút rất nhiều cặp vợ chồng trẻ thành đạt đang tìm kiếm cuộc sống tự do, phóng khoáng và tiện nghi đầy đủ.&nbsp;</p><p>Một ngày năng động tại The Beverly có thể bắt đầu đầy sảng khoái khi sải mình dưới làn nước trong xanh tại Hồ bơi nước mặn Marina Pool quy mô lên tới 650m2, Hollywood Beach hay hồ bơi Fantasy Pool với thiết kế đa tầng độc đáo…&nbsp;</p><figure class="image"><img src="https://icdn.24h.com.vn/upload/2-2024/images/2024-06-05/Gia-dinh-tre-tan-huong-cuoc-song-chill-het-nac-tai-can-ho-cao-cap-phong-cach-Hollywood-3-1717552354-25-width1200height675.jpg" alt="Hồ bơi nước mặn chuẩn resort độc đáo mang đến những giây phút thư giãn như đang đi nghỉ dưỡng tại các resort cao cấp"></figure><p><i>Hồ bơi nước mặn chuẩn resort độc đáo mang đến những giây phút thư giãn như đang đi nghỉ dưỡng tại các resort cao cấp</i></p><p>Cư dân cũng có thể thưởng thức không gian xanh mát tại những không gian độc đáo như khu tắm nắng, vườn sương mù Harmony, vườn treo nhiệt đới Babylon hay sàn cát nhân tạo Hawaii. Nổi bật trong đó là khu đường dạo Chà Là được lấy ý tưởng từ những con đường rợp bóng cọ Mỹ tại Beverly Hills.</p><p>Với những gia đình trẻ thích vận động, hệ thống tiện ích tầng không thời thượng tại tầng 14 của mỗi tòa nhà như khu thể thao trong nhà, phòng tập gym cùng những không gian rèn luyện sức khỏe như các khu tập luyện, vườn yoga, khu thể thao Aqua gym và hàng loạt các sân thể thao đa năng… trải đều trong nội khu cũng mang đến đa dạng lựa chọn về luyện tập mà không cần phải lo lắng đến yếu tố thời tiết. &nbsp;</p><p>Là những người làm trong lĩnh vực phim ảnh, các khu vực rạp phim ngoài trời hay sân khấu Grammy trên mặt nước là hai điểm nhấn được vợ chồng anh Daniel đặc biệt yêu thích, bởi những trải nghiệm này đều “hiếm có khó tìm” tại các khu đô thị ở TP.HCM do hạn chế về quỹ đất</p>', '2024-06-05', '1747034435831_22-495-171.jpg', '<p>Gia đình trẻ tận hưởng cuộc sống “chill hết nấc” tại căn hộ cao cấp phong cách Hollywood</p>', 'Gia đình trẻ tận hưởng cuộc sống “chill hết nấc” tại căn hộ cao cấp phong cách Hollywood', '2025-05-12 07:20:35.831000', 2, 36),
	(15, '<p>Tại một trong những thành phố phong cách nhất thế giới, những người nổi tiếng đã tụ tập trước thềm Giải Grand Prix Monaco 2024. Giải đua xe công thức 1 đã nhanh chóng trở thành sự kiện thể thao hàng đầu dành cho những người nổi tiếng và nhân vật nổi tiếng tham dự tại Miami Grand Prix vào tháng trước, đã thu hút những cái tên như Ed Sheeran, Tommy Hilfiger, <a href="https://www.24h.com.vn/kendall-jenner-c78e3973.html">Kendall Jenner</a>, A$AP Rocky và Rihanna... Theo Us Sun, tại Monaco Grand Prix 2024, Travis Kelce và bạn gái Taylor Swift được cho là sẽ tham dự, trong khi ngôi sao nhạc pop sẽ nghỉ lưu diễn ở châu Âu vài ngày.</p><p>&nbsp;</p><figure class="image"><img src="https://icdn.24h.com.vn/upload/2-2024/images/2024-05-28/Tat-ca-nhung-khoanh-khac-thoi-trang-dep-nhat-cua-nguoi-noi-tieng-tu-Monaco-Grand-Prix-2024-6-1716865535-589-width1024height683.jpg" alt="Tất cả những khoảnh khắc thời trang đẹp nhất từ Monaco Grand Prix 2024 - 1"></figure><p>&nbsp;</p><p>&nbsp;</p><p>Trong khi cuộc đua chính thức bắt đầu vào ngày 26 tháng 5 năm 2024, nhiều tay đua được người hâm mộ yêu thích đã thể hiện kiểu dáng cực kỳ sang trọng giữa các cuộc đua tập luyện có chỉ số octan cao, các buổi tập luyện đầy tranh cãi và các cuộc trò chuyện thân thiện với báo chí. Người hiểu biết về phong cách Lewis Hamilton đã mặc một loạt trang phục thời trang cao cấp như thường lệ, trong khi những tay đua top 10 khác như Max Verstappen và Charles Leclerc lại chọn phong cách giản dị casual khi không mặc đồng phục chính thức của họ.</p><p>Kiểu dáng phối hợp đã gây ấn tượng với nhiều tay đua của cuộc thi, trong đó có Yuki Tsunoda và Daniel Ricciardo, đồng đội trong đội RB, cả hai đều mặc trang phục denim đôi thể thao. Tsunoda diện trang phục denim tối màu và khoe bộ trang phục giản dị nhưng dễ kết hợp với áo khoác màu chàm đậm, áo phông trắng trơn và quần jean ống loe phù hợp, trong khi Ricciardo diện trang phục thời tiết ấm áp hàng đầu với áo sơ mi denim cài nút và quần short phù hợp của Dickies, hoàn thiện với các chi tiết sọc nhỏ cổ điển.</p><figure class="image"><img src="https://icdn.24h.com.vn/upload/2-2024/images/2024-05-28/Tat-ca-nhung-khoanh-khac-thoi-trang-dep-nhat-cua-nguoi-noi-tieng-tu-Monaco-Grand-Prix-2024-3-1716865535-943-width683height1024.jpg" alt="Tất cả những khoảnh khắc thời trang đẹp nhất từ Monaco Grand Prix 2024 - 2"></figure><p>Tay đua người Tây Ban Nha Fernando Alonso đã đưa trang phục mùa hè lên một tầm cao mới, thể hiện qua bộ quần áo kaki nhẹ của anh. Thành viên của đội Aston Martin mặc một chiếc áo khoác màu nâu nhạt, áo phông màu be và quần tây phù hợp. Hoàn thiện bộ trang phục, Alonso xuất hiện với chiếc kính râm cực kỳ sang trọng và mái tóc bù xù đầy nghệ thuật đặc trưng của anh.</p><p>Ngắm những hình ảnh đẹp nhất của người nổi tiếng từ Monaco Grand Prix 2024 bên dưới.</p><figure class="image"><img src="https://icdn.24h.com.vn/upload/2-2024/images/2024-05-28/Tat-ca-nhung-khoanh-khac-thoi-trang-dep-nhat-cua-nguoi-noi-tieng-tu-Monaco-Grand-Prix-2024-5-1716865535-881-width683height1024.jpg" alt="Tất cả những khoảnh khắc thời trang đẹp nhất từ Monaco Grand Prix 2024 - 3"></figure><p><img src="https://icdn.24h.com.vn/upload/2-2024/images/2024-05-28/Tat-ca-nhung-khoanh-khac-thoi-trang-dep-nhat-cua-nguoi-noi-tieng-tu-Monaco-Grand-Prix-2024-4-1716865535-368-width1024height683.jpg" alt="Tất cả những khoảnh khắc thời trang đẹp nhất từ Monaco Grand Prix 2024 - 4"></p><figure class="image"><img src="https://icdn.24h.com.vn/upload/2-2024/images/2024-05-28/Tat-ca-nhung-khoanh-khac-thoi-trang-dep-nhat-cua-nguoi-noi-tieng-tu-Monaco-Grand-Prix-2024-2-1716865535-851-width683height1024.jpg" alt="Tất cả những khoảnh khắc thời trang đẹp nhất từ Monaco Grand Prix 2024 - 5"></figure><figure class="image"><img src="https://icdn.24h.com.vn/upload/2-2024/images/2024-05-28/Tat-ca-nhung-khoanh-khac-thoi-trang-dep-nhat-cua-nguoi-noi-tieng-tu-Monaco-Grand-Prix-2024-1-1716865535-364-width693height1024.jpg" alt="Tất cả những khoảnh khắc thời trang đẹp nhất từ Monaco Grand Prix 2024 - 6"></figure><figure class="image"><img src="https://icdn.24h.com.vn/upload/2-2024/images/2024-05-28/Tat-ca-nhung-khoanh-khac-thoi-trang-dep-nhat-cua-nguoi-noi-tieng-tu-Monaco-Grand-Prix-2024-0-1716865535-335-width1024height683.jpg" alt="Tất cả những khoảnh khắc thời trang đẹp nhất từ Monaco Grand Prix 2024 - 7"></figure><p>Nguồn: https://www.nguoiduatin.vn/tat-ca-nhung-khoanh-khac-thoi-trang-ep-nhat-tu-monaco-grand-prix-2024</p>', '2024-06-05', '1747034664084_Monaco-Grand-Prix-2024.jpg', '<p>Cùng ngắm một số khoảnh khắc mang phong cách đường đua tại Giải Grand Prix Monaco 2024.</p>', 'Tất cả những khoảnh khắc thời trang đẹp nhất từ Monaco Grand Prix 2024', '2025-10-30 06:40:35.372000', 2, 13),
	(16, '<p>EURO 2024 chuẩn bị khởi tranh với trận khai mạc giữa chủ nhà <a href="https://www.24h.com.vn/doi-tuyen-duc-c48e4406.html">ĐT Đức</a> và Scotland. Trước giờ bóng lăn, siêu máy tính Opta đã đưa ra dự đoán về cơ hội đi tiếp của các đội bóng.</p><p><strong>Bảng A</strong></p><p>Chủ nhà ĐT Đức đã trải qua giai đoạn khó khăn trong những năm gần đây. “Cỗ xe tăng” chưa thắng trận knock-out tại một giải đấu lớn nào kể từ EURO 2016, bị loại ở vòng bảng của 2 kỳ World Cup gần nhất (2018, 2022) và ở vòng 16 đội tại EURO 2020.</p><p>Tuy nhiên, siêu máy tính Opta vẫn đánh giá ĐT Đức là ứng cử viên nặng ký cho một trong hai tấm vé đi tiếp bảng A với tỷ lệ lên tới 88,5%. Trong đó, đoàn quân HLV Julian Nagelsmann có 52,1% khả năng giành ngôi nhất bảng.</p><p>Bên cạnh lợi thế sân nhà, ĐT Đức còn sở hữu những ngôi sao dày dạn kinh nghiệm như Toni Kroos, Manuel Neuer, Ilkay Gundogan, kết hợp với những tài năng trẻ sáng giá của bóng đá thế giới (Jamal Musiala, Florian Wirtz).</p><p>Cuộc chiến giành vị trí thứ hai mới là nơi kịch tính thực sự có thể xảy ra ở bảng A. Theo siêu máy tính Opta, cơ hội vượt qua vòng bảng của Thụy Sĩ (61%), Hungary (59,3%) và Scotland (58,9%) rất sít sao.</p><figure class="table"><table><tbody><tr><td><p><strong>Dự đoán các đội đi tiếp:</strong> Đức, Thụy Sĩ,&nbsp;Hungary</p><p><strong>Các ngôi sao nổi bật:</strong> Toni Kroos (Đức), Granit Xhaka (Thụy Sĩ), Scott McTominay (Scotland), Dominik Szoboszlai (Hungary)</p></td></tr></tbody></table></figure><p><strong>Bảng B</strong></p><p>Đây được xem là “bảng tử thần” ở <a href="https://www.24h.com.vn/euro-2024-c955.html">EURO 2024</a>. Tây Ban Nha được siêu máy tính Opta đánh giá là ứng cử viên nặng ký cho tấm vé lọt vào vòng 16 đội với tỷ lệ lên tới 89,1%. “Bò tót” hiện là đương kim vô địch Nations League.</p><figure class="image"><img src="https://icdn.24h.com.vn/upload/2-2024/images/2024-06-14/Du-doan-vong-bang-EURO-dT-duc-de-dang-di-tiep-bang-1-1718323452-206-width740height416.jpg" alt="Tây Ban Nha sở hữu nhiều tài năng trẻ đáng chú ý"></figure><p><i>Tây Ban Nha sở hữu nhiều tài năng trẻ đáng chú ý</i></p><p>Không còn sở hữu dàn sao trải đều khắp các tuyến, Tây Ban Nha hiện tại là sự kết hợp giữa nhiệt huyết tuổi trẻ như Pedri, Fermin Lopez, hay Lamine Yamal, với những cựu binh giàu kinh nghiệm (Rodri, Dani Carvajal, Jesus Navas và Aymeric Laporte).</p><p>Italia (80,3%) và Croatia (67,8%) cũng được dự đoán sẽ cùng “Bò tót” đi tiếp. Albania chắc chắn là đội bị đánh giá yếu nhất bảng B, nhưng điều đó không có nghĩa là họ sẽ dễ bị bắt nạt. Nên nhớ, Albania đứng đầu bảng <a href="https://www.24h.com.vn/euro-2024-c955.html">vòng loại EURO</a> 2024, xếp trên cả CH Czech và Ba Lan.</p><figure class="table"><table><tbody><tr><td><p><strong>Dự đoán các đội đi tiếp:</strong> Tây Ban Nha, Italia, Croatia</p><p><strong>Các ngôi sao nổi bật:</strong> Rodri (Tây Ban Nha), Federico Chiesa (Italia), Luka Modric (Croatia), Rey Manaj (Albania)</p></td></tr></tbody></table></figure><p><strong>Bảng C</strong></p><p>Với đội hình lấp lánh tập hợp dàn sao trải khắp các tuyến, ĐT Anh là ứng cử viên số 1 cho tấm vé đi tiếp ở bảng C với tỷ lệ lên tới 95,4% theo siêu máy tính Opta. Đan Mạch là đội có nhiều khả năng đi tiếp cao thứ hai với tỷ lệ 69,2%, mặc dù Serbia (56,2%) và Slovenia (42,1%) không thể xem thường.</p><figure class="image"><img src="https://icdn.24h.com.vn/upload/2-2024/images/2024-06-14/Du-doan-vong-bang-EURO-dT-duc-de-dang-di-tiep-bang-2-1718325835-574-width740height485.jpg" alt="Kane và Bellingham sẽ là hai &quot;đầu tàu&quot; của ĐT Anh ở EURO 2024"></figure><p><i>Kane và Bellingham sẽ là hai "đầu tàu" của ĐT Anh ở EURO 2024</i></p><figure class="table"><table><tbody><tr><td><p><strong>Dự đoán các đội đi tiếp:</strong> Anh, Đan Mạch</p><p><strong>Các ngôi sao nổi bật:</strong> Harry Kane (Anh), Rasmus Hojlund (Đan Mạch), Dusan Vlahovic (Serbia), Jan Oblak (Slovenia)</p></td></tr></tbody></table></figure><p><strong>Bảng D</strong></p><p>ĐT Pháp với lực lượng đồng đều được kỳ vọng sẽ dễ dàng vượt qua. Theo siêu máy tính Opta, “Gà trống Gaulois” có tới 92,9% cơ hội lọt vào vòng 16 đội và 57,9% cơ hội đứng đầu bảng.</p><p>Hà Lan được dự đoán sẽ cùng ĐT Pháp đi tiếp với tỷ lệ 76,2%. &nbsp;Áo (51,1%) và Ba Lan (45,0%) bị đánh giá là không thể chen chân vào hai vị trí dẫn đầu nhưng vẫn có cơ hội đủ điều kiện để lọt vào vòng knock-out với tấm vé giành cho 4 đội đứng thứ 3 vòng bảng có thành tích tốt nhất.</p><figure class="table"><table><tbody><tr><td><p><strong>Dự đoán các đội đi tiếp:</strong> Pháp, Hà Lan, Ba Lan</p><p><strong>Các ngôi sao nổi bật:</strong> Kylian Mbappe (Pháp), Virgil Van Dijk (Hà Lan), Robert Lewandowski (Ba Lan), Marcel Sabitzer (Áo)</p></td></tr></tbody></table></figure><p><strong>Bảng E</strong></p><p>Dù không còn sở hữu dàn sao khắp các tuyến, ĐT Bỉ vẫn được kỳ vọng sẽ đi tiếp một cách dễ dàng. Theo siêu máy tính Opta, “Quỷ đỏ” có tới 90% cơ hội lọt vào vòng 16 đội và 53,1% khả năng đứng nhất bảng.</p><p>Ukraine có tỷ lệ đi tiếp cao nhất (69,4%) trong ba đội còn lại. Romania (57,4%) và Slovakia (51,1%) được cho là khó cạnh tranh ngôi nhất bảng với ĐT Bỉ, nhưng hai đội có thể đe dọa Ukraine để giành vị trí thứ hai.</p><figure class="table"><table><tbody><tr><td><p><strong>Dự đoán các đội đi tiếp:</strong> Bỉ, Ukraine</p><p><strong>Các ngôi sao nổi bật:</strong> Kevin De Bruyne (Bỉ), Oleksandr Zinchenko (Ukraine), Nicolae Stanciu (Romania), Milan Skriniar (Slovakia)</p></td></tr></tbody></table></figure><p><strong>Bảng F</strong></p><p>Bồ Đào Nha là ứng cử viên sáng giá cho tấm vé lọt vào vòng 16 đội. Thật vậy, siêu máy tính Opta dự đoán Cristiano Ronaldo và đồng đội có tới 93,6% cơ hội đi tiếp. HLV Roberto Martinez sở hữu hàng công đáng mơ ước, với các lựa chọn bao gồm Cristiano Ronaldo, Rafael Leao, Bruno Fernandes, Bernardo Silva, Diogo Jota, Goncalo Ramos, Joao Félix và Pedro Neto.</p><figure class="image"><img src="https://icdn.24h.com.vn/upload/2-2024/images/2024-06-14/Du-doan-vong-bang-EURO-dT-duc-de-dang-di-tiep-bang-3-1718325946-671-width740height416.jpg" alt="Nhiều kỷ lục đang chờ Ronaldo ở EURO 2024"></figure><p><i>Nhiều kỷ lục đang chờ Ronaldo ở EURO 2024</i></p><p>Thổ Nhĩ Kỳ có khả năng nối gót Bồ Đào Nha cao nhất với tỷ lệ 74,2%, trong khi cơ hội để CH Czech lọt vào vòng 1/8 là 60,7%. Georgia rõ ràng bị đánh giá thấp nhất bảng F nhưng siêu máy tính Opta dự đoán họ không phải không có cơ hội đi tiếp trong lần đầu tham dự giải đấu với tỷ lệ 37,2%.</p>', '2024-06-06', '1718591077215_euro2024-BanhaCDV.png', 'Các ông lớn như chủ nhà ĐT Đức, ĐT Anh, ĐT Pháp hay Bồ Đào Nha của Cristiano Ronaldo đều được dự đoán sẽ vượt qua vòng bảng EURO 2024.', '24 anh hào đua ngôi vua EURO: Bồ Đào Nha - ĐT Anh sáng giá, bảng "tử thần" khó lường', '2024-06-17 02:24:37.215000', 3, 47),
	(17, '<p>Còn nhớ vào năm 2023, HLV Pep Guardiola&nbsp;thừa nhận sẽ trở lại <a href="https://www.24h.com.vn/barcelona-c48e1507.html">Barcelona</a> trong trường hợp đội chủ sân Camp Nou cần ông. Trong khi đó, hợp đồng của chiến lược gia người Tây Ban Nha với Man City chỉ còn thời hạn đến hè năm 2025.</p><p>Tuy nhiên trong chia sẻ mới nhất ở sự kiện&nbsp;Legends Trophy, <a href="https://www.24h.com.vn/pep-guardiola-den-man-city-c48e3792.html">HLV Pep Guardiola</a> khẳng định cánh cửa trở lại Barcelona của ông đã đóng. Lập trường của nhà cầm quân sinh năm 1971 thực sự thay đổi.&nbsp;</p><p>Barcelona hiện gặp quá nhiều khó khăn về tài chính. Họ cũng dần đánh mất vị thế trước Real Madrid. Có lẽ những lý do đó khiến cho HLV Pep Guardiola không còn muốn quay về sân Camp Nou, nơi chứng kiến chiến lược gia này đi đến đỉnh cao trong sự nghiệp huấn luyện từ năm 2008 đến năm 2012.&nbsp;</p><p>Chưa rõ liệu HLV Pep Guardiola có ký hợp đồng mới với Man City hay không. Còn phía "The Citizens" rất muốn đôi bên gắn bó lâu dài để nửa xanh thành Manchester tiếp tục thống trị bóng đá Anh.&nbsp;</p><p>Ở diễn biến khác, HLV Pep Guardiola còn có dự đoán về 3 ứng viên hàng đầu cho chức vô địch <a href="https://www.24h.com.vn/euro-2024-c955.html">EURO 2024</a>. Ông chia sẻ quan điểm cá nhân: "ĐT Đức với tư cách chủ nhà có thể là ứng viên vô địch. Tây Ban Nha cũng sẽ được tôi chọn dù họ đang trong quá trình chuyển giao thế hệ.&nbsp;</p><p>Đội có nhiều cơ hội vô địch nhất chính là ĐT Anh. Nhân sự&nbsp;ĐT Anh rất chất lượng. Tôi tò mò xem thế hệ hiện tại của "Tam sư" sẽ làm được gì".</p><p>ĐT Pháp được giới chuyên môn đánh giá không hề thua kém Đức hay Anh. Tuy nhiên HLV Pep Guardiola lại không đề cập đến Mbappe và các đồng đội ở danh sách 3 ứng viên hàng đầu cho chức vô địch EURO 2024.</p>', '2024-06-11', '1718099295211_PEP.jpg', 'HLV Pep Guardiola có những chia sẻ đáng chú ý gần đây về tương lai bản thân cũng như dự đoán trước thềm EURO 2024.', 'HLV Guardiola từ chối tái hợp Barcelona, dự đoán 3 ứng viên vô địch EURO 2024', '2024-07-01 09:28:23.137000', 6, 22),
	(18, '<p>Danh sách các đội tuyển dự <a href="https://www.24h.com.vn/euro-2024-c955.html">EURO 2024</a> đã được chốt xong và chúng ta sẽ sớm được chứng kiến các trận thư hùng lớn ở Đức mùa hè này. Tuy nhiên đã có không ít cầu thủ hàng đầu của bóng đá thế giới phải đứng ngoài cuộc vì những lý do khác nhau, dưới đây là 30&nbsp;cầu thủ nổi bật nhất.</p><p><br><strong>1. </strong><a href="https://www.24h.com.vn/erling-haaland-c48e6082.html"><strong>Erling Haaland</strong></a><strong> (Na Uy): </strong>Tiền đạo cắm số 1 thế giới hiện tại nhưng anh không may đá cho Na Uy trong lúc họ đang không có đội hình đồng đều. Na Uy chỉ đứng thứ 3 ở bảng A vòng loại, sau Tây Ban Nha và Scotland.</p><p><strong>2. Reece James (Anh):</strong> Mới trở lại sau chấn thương dài hạn và đá tổng cộng có 11 trận ở Chelsea mùa vừa qua.</p><p><strong>3. Alexander Isak (Thụy Điển): </strong>Chơi tốt cho Newcastle với 25 bàn trong 40 trận. Tuy nhiên Thụy Điển thể hiện khá tệ ở vòng loại khi xếp sau Bỉ và Áo, chưa kể cá nhân Isak chưa vào nhịp ở cấp ĐTQG (2 bàn trong 14 trận từ năm 2022 đến nay).</p><p><strong>4. Mats Hummels (Đức):</strong> Có lẽ là cầu thủ hay nhất trong hành trình Dortmund vào chung kết Champions League. Dù vậy Hummels ở tuổi 35 không tranh được vị trí trung vệ đá chính ở tuyển quốc gia so với 2 cầu thủ phong độ cao là Jonathan Tah và Antonio Rudiger, và thói vùng vằng khi không được thi đấu trước đây của anh khiến Julian Nagelsmann không gọi đi EURO.</p><figure class="image"><img src="https://icdn.24h.com.vn/upload/2-2024/images/2024-06-09/2024-06-09_17-24-11-740-1717928668-380-width740height389.jpg" alt="Sancho - Maatsen - Hummels đều lành lặn nhưng sẽ phải ngồi nhà xem EURO"></figure><p><i>Sancho - Maatsen - Hummels đều lành lặn nhưng sẽ phải ngồi nhà xem EURO</i></p><p><strong>5. Raphael Guerreiro (Bồ Đào Nha):</strong> Trong 8 năm Guerreiro đã lên tuyển một cách khá đều đặn và là một trong những thành viên sót lại từ đội hình vô địch EURO 2016 của Bồ Đào Nha. Nhưng mùa qua anh có phần suy giảm phong độ sau chấn thương ở Bayern Munich.</p><p><strong>6. Marcus Rashford (Anh):</strong> Ghi có 8 bàn trong 43 trận mùa qua ở Man Utd, Rashford còn chẳng được gọi vào danh sách sơ bộ 33 cầu thủ ban đầu của ĐT Anh. Một quyết định “không phải nghĩ” từ phía Gareth Southgate.</p><p><strong>7. Martin Odegaard (Na Uy): </strong>Chung số phận với Haaland dù phong độ của anh ở cả cấp ĐTQG lẫn CLB còn&nbsp;ổn định hơn cả đồng hương.</p><p><strong>8. Thibaut Courtois (Bỉ):</strong> Real Madrid lập tức đưa Courtois trở lại bắt chính sau thời gian dài chấn thương và họ được thưởng với chiến thắng trong trận chung kết Champions League. Nhưng đó là vì Courtois không gây sự ở cấp CLB, còn ở đội tuyển Courtois đã tự đuổi mình từ mùa hè năm ngoái sau vụ tự ý rời đội vì không được trao băng thủ quân trong lúc Kevin De Bruyne vắng mặt.</p><p><strong>9. Jack Grealish (Anh): </strong>Dù quyết định bỏ Grealish của HLV Southgate gây nhiều xôn xao, anh cũng như Rashford đã có mùa giải sa sút phong độ rõ rệt ở cấp CLB. Jack vẫn còn được ưu ái là anh có tên trong danh sách sơ bộ nhờ công lao trước đây ở tuyển, nhưng ĐT Anh giờ đã có Anthony Gordon có phong độ tốt hơn.</p><figure class="image"><img src="https://icdn.24h.com.vn/upload/2-2024/images/2024-06-09/2024-06-09_17-25-22-740-1717928773-996-width740height492.jpg" alt="Maguire, Ben White, Kalvin Philips và Jack Grealish ở EURO 2021"></figure><p><i>Maguire, Ben White, Kalvin Philips và Jack Grealish ở EURO 2021</i></p><p><strong>10. Jurrien Timber (Hà Lan): </strong>Đá chỉ 50 phút trước khi chấn thương nặng nghỉ cả mùa, đó là khởi đầu quá đen đủi cho Timber ở Arsenal và cũng khiến anh mất luôn cơ hội đá EURO.</p><p><strong>11. Destiny Udogie (Italia):</strong> Một trong những hậu vệ trái chơi tốt nhất Premier League nửa đầu mùa giải 2023/24. Xui cho Udogie là anh lại chấn thương ở cuối mùa.</p><p><strong>12. Harry </strong><a href="https://www.24h.com.vn/harry-maguire-c48e5892.html"><strong>Maguire</strong></a><strong> (Anh): </strong>Cũng xui như Udogie, Maguire thậm chí vẫn còn chút hy vọng khi được đưa vào danh sách triệu tập sơ bộ nhưng hồi phục không kịp. Mùa qua Maguire đã phần nào hồi phục phong độ ở Man Utd, và nếu không có chấn thương anh sẽ chắc chắn đá chính cho “Tam Sư” do luôn thể hiện ổn định ở cấp ĐTQG.</p><p><strong>13. Lucas Hernandez (Pháp):</strong> Một nạn nhân của chấn thương khác, anh bị đau nặng trong nỗ lực không thành ngăn Nicklas Fullkrug ghi bàn vào lưới PSG ở bán kết Cúp C1. Nhưng Hernandez có thể nói là khá may bởi với tiền sử chấn thương dài lê thê, anh vẫn đã dự 3 giải lớn với ĐT Pháp và đăng quang ở World Cup 2018.</p><p><strong>14. James Maddison (Anh):</strong> Sự tụt phong độ của Tottenham ở nửa cuối mùa giải khiến Southgate không ngó ngàng mấy tới các tuyển thủ Anh ở Tottenham. Ông vẫn gọi Maddison lên, nhưng anh đã mất phong độ sau chấn thương ở giữa mùa và là một phần nguyên nhân Tottenham sa sút trong những tháng cuối mùa.</p><p><strong>15. Gavi (Tây Ban Nha):</strong> Gavi đã chấn thương nặng khi đá tuyển từ tháng 11/2023 và dự kiến đầu năm 2025 mới bình phục.</p><p><strong>16. Serge Gnabry (Đức):</strong> Gnabry vài năm nay đã lên tuyển không đều và bị chấn thương vặt nhiều lần. Phong độ của anh tại Bayern Munich không còn đủ thuyết phục để được gọi lên.</p><figure class="image"><img src="https://icdn.24h.com.vn/upload/2-2024/images/2024-06-09/gettyimages-1179345998-612x612-740-1717928908-148-width740height522.jpg" alt="Người già nhất của nhóm cầu thủ này lại là người duy nhất sẽ dự EURO"></figure><p><i>Người già nhất của nhóm cầu thủ này lại là người duy nhất sẽ dự EURO</i></p><p><strong>17. Pau Cubarsi (Tây Ban Nha): </strong>Vẫn còn quá trẻ nên Cubarsi chưa được HLV Luis de la Fuente tin cậy dù vừa có sự bứt phá sự nghiệp ở Barcelona. Còn trẻ nên còn cơ hội phía trước, chưa kể Cubarsi dự kiến sẽ dự Olympic Paris.</p><p><strong>18. David Alaba (Áo):</strong> Alaba thực ra vẫn sẽ góp mặt ở EURO, nhưng để làm trợ lý cho HLV Ralf Rangnick. Anh đã bị rách dây chằng đầu gối trái từ tháng 12/2023 và ĐT Áo đã phải xác định từ lâu rằng anh sẽ không thể đến EURO.</p><p><strong>19. Jadon Sancho (Anh): </strong>Sancho từ năm 2021 đã không lên tuyển và vài trận đá hay ở Champions League cũng chưa đủ để thuyết phục Southgate chọn anh. Đó là chưa nói đến sự dồi dào nhân tài bên cánh phải của ĐT Anh.</p><p><strong>20. Christopher Nkunku (Pháp):</strong> Cũng như Courtois, Nkunku chấn thương nghỉ dài hạn và phải tới cuối mùa giải mới đá trở lại cho Chelsea. Tiếc cho chân sút này, trước World Cup 2022 anh cũng đã phải rời tuyển do chấn thương trong lúc tập.</p><figure class="image"><img src="https://icdn.24h.com.vn/upload/2-2024/images/2024-06-09/2024-06-09_17-34-45-740-1717929301-363-width740height433.jpg" alt="Nkunku lỡ World Cup 2022 vì chấn thương ngay trước giải, giờ anh lỡ cả EURO 2024 do nghỉ quá lâu"></figure><p><i>Nkunku lỡ World Cup 2022 vì chấn thương ngay trước giải, giờ anh lỡ cả EURO 2024 do nghỉ quá lâu</i></p><p><strong>21. Lukas Hradecky (Phần Lan):</strong> Đội trưởng của Bayer Leverkusen bất bại Bundesliga và đoạt cú đúp danh hiệu Đức mùa qua. Dù vậy thủ môn hay nhất của vòng bảng EURO 2021 không thể cùng các đồng đội dự giải năm nay do Phần Lan bị loại ở loạt playoff.</p><p><strong>22. Ian Maatsen (Hà Lan):</strong> Maatsen có màn trình diễn không tốt ở chung kết Champions League nhưng trước đó 2 ngày HLV Ronald Koeman đã công bố anh sẽ không được gọi đi EURO. Anh đã có mùa giải chơi tốt cho Dortmund, nhưng Koeman gọi đi một Daley Blind đã 34 tuổi (nhưng cũng đá tốt tại Girona), có vẻ Koeman cũng chẳng định cho Blind đá chính khi đã có Nathan Ake và Micky Van de Ven.</p><p><strong>23. Leon Goretzka (Đức):</strong> Đã mất phong độ từ ít nhất 2 mùa nay và không xứng đáng được triệu tập.&nbsp;</p><p><strong>24. Sandro Tonali (Italia):</strong> Bị cấm thi đấu vì cá cược.</p><p><strong>25. Ben White (Anh):</strong> Southgate khi công bố danh sách triệu tập còn thừa nhận rằng ông chẳng nói gì với Ben White trước khi lên danh sách mà không có anh. Xích mích giữa White với trợ lý Steve Holland của Southgate chưa được hàn gắn và Southgate không có ý định chiều ý chỉ một cầu thủ để bỏ đi trợ lý thân tín có công lao của mình.</p><p><strong>26. Manuel Locatelli (Italia):</strong> Không phải cứ đến CLB lớn hơn là đời cầu thủ sẽ “lên hương” và Locatelli là minh chứng. Góp mặt trong chức vô địch ở EURO 2021 của Italia khi đá cho Roberto De Zerbi ở Sassuolo, giờ Locatelli hưởng lương cao hơn ở Juventus, đá cũng tệ hơn và không được Luciano Spalletti đoái hoài khi công bố danh sách tuyển Ý dự EURO 2024.</p><figure class="image"><img src="https://icdn.24h.com.vn/upload/2-2024/images/2024-06-09/gettyimages-1731754209-612x612-740-1717929215-129-width740height524.jpg" alt="Tonali và Locatelli tập luyện trên tuyển Italia. Bức ảnh chụp ngày 12/10/2023, 14 ngày sau Tonali bị treo giò dài hạn vì cá cược"></figure><p><i>Tonali và Locatelli tập luyện trên tuyển Italia. Bức ảnh chụp ngày 12/10/2023, 14 ngày sau Tonali bị treo giò dài hạn vì cá cược</i></p><p><strong>27. Michael Olise:</strong> ĐT Anh và ĐT Pháp đã không gọi Olise nên hè này có lẽ anh sẽ nhận lời khoác áo Nigeria.</p><p><strong>28. Kingsley Coman (Pháp):</strong> Chấn thương ngay sau khi được điền tên trong danh sách dự EURO 2024 của Didier Deschamps.</p><p><strong>29. Joshua Zirkzee (Hà Lan)</strong>: Số của Zirkzee quá xui, anh vừa có mùa giải rất thành công cho Bologna giúp đội bóng này đoạt vé dự Champions League nhưng bị chấn thương dây chằng ở cuối mùa. Không chỉ Zirkzee, đồng đội Lewis Ferguson cũng chung số phận ngay trước khi có cơ hội đến EURO với Scotland.</p><p><strong>30. Francesco Acerbi (Italia):</strong> Acerbi đã chiến thắng ở EURO 2021 và chiến thắng cả ung thư để tiếp tục sự nghiệp quần đùi áo số. Nhưng anh không thắng được chấn thương, nếu không anh chắc chắn đá chính ở EURO bên cạnh đồng đội quen thuộc Alessandro Bastoni.</p>', '2024-06-13', '1718265097672_22-495-171.jpg', 'Có nhiều cầu thủ tiếng tăm đã không thể góp mặt ở EURO vì những lý do khác nhau.\r\n', '30 ngôi sao vắng mặt đáng tiếc ở EURO: Haaland, Isak phải ngồi nhà, Maguire "số đen"', '2024-06-14 06:59:10.415000', 3, 61),
	(19, '<p>Ông Biden và phu nhân vẫn yêu quý con trai và khẳng định chấp nhận phán quyết của tòa án, theo tuyên bố chính thức được ông Biden đưa ra hôm 11/6.</p><p>"Tôi và vợ yêu quý con trai. Chúng tôi rất tự hào về con trai", ông Biden nói. "Tôi chấp nhận kết quả trong vụ việc này và tôn trọng quy trình xét xử. Tôi và vợ sẽ luôn ở bên con trai với tình yêu thương và sự hỗ trợ. Không gì có thể thay đổi được điều đó", ông Biden nói, cho biết con trai Hunter đang cân nhắc nộp đơn kháng cáo.&nbsp;</p><figure class="image"><img style="aspect-ratio:740/493;" src="https://ckeditor.com/apps/ckfinder/userfiles/files/Biden(1).jpg" width="740" height="493"></figure><p>Trước đó, bồi thẩm đoàn gồm 12 thành viên ở bang Delaware đã kết luận rằng bị cáo Hunter Biden có tội đối với cả ba tội danh, bao gồm khai man liên quan đến việc mua súng, khai báo sai về thông tin cần phải lưu giữ trong hồ sơ và sở hữu súng bất hợp pháp vì là đối tượng nghiện ma tuý.</p><p>Hunter Biden đối mặt với mức án lên tới 25 năm tù và khoản tiền phạt 750.000 USD. Trong trường hợp của Hunter, phạm tội lần đầu có thể là tình tiết để thẩm phán xem xét tuyên mức án nhẹ hơn.</p><p>Luật sư Abbe Lowell của Hunter Biden nói thất vọng trước phán quyết của bồi thẩm đoàn trong phiên tòa xét xử hình sự và sẽ theo đuổi mọi biện pháp để kháng cáo.</p><p>Đây là lần đầu tiên con của một <a href="https://www.24h.com.vn/joe-biden-c415e6308.html">tổng thống Mỹ</a> đương nhiệm bị đưa ra xét xử trong lịch sử nước Mỹ.</p><p>Hunter Biden được cho là đã vật lộn với tình trạng nghiện ma túy sau cái chết của anh trai Beau Biden. Hunter bị cáo buộc mua và sở hữu súng bất hợp pháp trong thời gian nghiện ma túy.</p><p>Tổng thống Mỹ Joe Biden hôm 6/6 tuyên bố sẽ không ân xá trong trường hợp con trai Hunter bị kết tội hình sự liên quan đến súng đạn.</p>', '2024-06-13', '1718271648783_Biden.jpg', '', 'Phản ứng của ông Biden sau khi con trai bị kết tội', '2024-06-27 08:53:32.406000', 1, 58),
	(20, '<p>Hôm 9/6, ông Macron đã bất ngờ giải tán Quốc hội sau khi các kết quả bầu cử dự đoán cho thấy phe đối lập National Rally (RN) giành được gấp đôi số phiếu bầu so với đảng cầm quyền trong cuộc bầu cử Nghị viện Châu Âu. Ở thủ đô Paris của Pháp, có những tin đồn về việc ông Macron có thể từ chức nếu đảng RN giành chiến thắng trong cuộc tổng tuyển cử sắp tới.</p><p>“Tôi tham gia để giành chiến thắng”, ông Macron trả lời tạp chí Pháp Le Figaro trong cuộc phỏng vấn được công bố hôm 11/6. Đồng thời, ông Macron nói Hiến pháp của quốc gia nêu rõ nhiệm vụ của tổng thống, “bất kể kết quả tổng tuyển cử ra sao”.</p><p>Trước đó, Bộ trưởng Nội vụ Pháp&nbsp;Gerald Darmanin&nbsp;có hành động giống như "đổ thêm dầu vào lửa", khi mô tả ông Macron đưa ra quyết định giống như cựu Tổng thống Charles de Gaulle. Ông Gaulle đã từ chức Tổng thống Pháp vào năm 1969, sau khi thất bại trong một cuộc trưng cầu dân ý về cải cách chính phủ.</p><p>Sáng ngày 11/6, tờ&nbsp;Europe1&nbsp;của Pháp đăng tải thông tin về&nbsp;việc "ông Macron thảo luận khả năng từ chức, thậm chí là trước cuộc tổng tuyển cử". Điện Elysee sau đó đã ra thông báo bác bỏ thông tin.</p><p>Hôm 10/6, Tổng biên tập tạp chí Le Figaro,&nbsp;Alexis Brezet&nbsp;nói "ảnh hưởng của ông Macron ở Pháp ngày càng suy giảm" và chỉ trích việc ông Macron muốn can thiệp sâu hơn vào xung đột ở Ukraine thay vì giải quyết những vấn đề cấp bách khác mà người dân Pháp quan tâm.</p><p>Ông Brezet hoài nghi về khả năng đảng cầm quyền của ông Macron có thể giành đa số ghế trong Quốc hội trong cuộc tổng tuyển cử sắp tới. Ông nói sự trỗi dậy của đảng đối lập RN là kết quả của tình trạng người nhập cư không kiểm soát ở Pháp.</p><p>Các nhà phân tích phương Tây nhận định, phe đối lập RN có thể chưa đạt đủ số phiếu cần thiết để chiếm đa số ghế trong Quốc hội. Động thái của ông Macron cũng được coi là "canh bạc tất tay", buộc người dân chọn đảng cầm quyền do ông lãnh đạo hay phe cực hữu. Với hành động bất ngờ này, ông Macron hi vọng người dân sẽ đưa ra lựa chọn an toàn, nghĩa là bầu cho đảng cầm quyền.</p><p>Cuộc tổng tuyển cử ở Pháp sẽ diễn ra vào ngày 30/6 và vòng hai diễn ra vào ngày 7/7, vài tuần trước khi Thế vận hội mùa hè diễn ra ở Pháp.</p>', '2024-06-13', '1718271861102_Macron.jpg', 'Tổng thống Pháp Emmanuel Macron hôm 11/6 nói về tin đồn có thể từ chức nếu cuộc tổng tuyển cử sắp tới có kết quả không thuận lợi đối với đảng cầm quyền của ông.', 'Ông Macron lên tiếng về tin đồn có thể từ chức', NULL, 1, 25),
	(21, '<p>EURO 2024 sẽ khởi tranh với trận khai mạc giữa chủ nhà <a href="https://www.24h.com.vn/doi-tuyen-duc-c48e4406.html">ĐT Đức</a> gặp Scotland vào lúc 2h ngày 15/6. Sự chờ đợi của người hâm mộ không còn phải kéo dài lâu nữa và khán giả sẽ được chiêu đãi với trận đầu tiên có sự góp mặt của một trong những đội tuyển thành công nhất của giải đấu.</p><p>ĐT Đức đến với EURO không có sự kỳ vọng cao từ dư luận quốc tế, bởi họ đã bị loại sớm ở vòng bảng World Cup 2018 &amp; 2022 cũng như bị ĐT Anh hạ ở vòng 1/8 EURO 2021. Đá trên sân nhà nhưng thành tích của “Die Mannschaft” chưa để lại sự an tâm, mặc dù HLV Julian Nagelsmann đã vực dậy phần nào chút niềm tin đánh mất sau những kết quả tệ dưới thời Hansi Flick.</p><figure class="image"><img style="aspect-ratio:740/493;" src="https://ckeditor.com/apps/ckfinder/userfiles/files/Mbappe--Mbappe.jpg" width="740" height="493" alt="sdsadas"><figcaption>&nbsp;</figcaption></figure><p>Đối thủ của Đức ở trận ra quân, ĐT Scotland có lối chơi hứa hẹn khiến Đức phải vất vả. Họ vượt qua vòng loại EURO khi chung bảng với Tây Ban Nha và Na Uy. Dù lối chơi của Scotland thiên về phòng ngự do thiếu nhân tài trên hàng tiền đạo, họ lại có rất nhiều tiền vệ trình độ cao và trong số đó đã có những nhân vật làm nên thành công ở vòng loại.</p><p>Scott McTominay nổi bật nhất trong số đó, cầu thủ của MU hơn 1 năm qua xem mỗi chuyến lên tuyển như một sự giải thoát cho sự nghiệp bấp bênh ở CLB và anh đã ghi 7 bàn ở vòng loại, trong đó có cú đúp hạ Tây Ban Nha.</p><p>Nhưng ngoài McTominay, Scotland còn trông chờ vào Billy Gilmour, một nhà kiến thiết vừa hồi sinh sự nghiệp tại Brighton, lão tướng Stuart Amstrong của Southampton vừa trở lại Premier League, và nhất là John McGinn, nhân vật chủ lực đưa Aston Villa đoạt top 4 mùa qua.</p><figure class="image"><img src="https://icdn.24h.com.vn/upload/2-2024/images/2024-06-14/2024-06-14_0-06-14-1718298386-324-width619height347.jpg" alt="McGinn, McTominay và Tierney trong màu áo Scotland"></figure><p><i>McGinn, McTominay và Tierney trong màu áo Scotland</i></p><p>McGinn đã được các fan Scotland hát trong bài hát của họ rằng “Anh giỏi hơn Zidane”, nhưng họ không chỉ sùng bái McGinn. Callum McGregor trưởng thành tại Notts County cùng Jack Grealish và trở thành một tiền vệ điều phối chủ chốt cho Scotland thời HLV Steve Clarke, cũng như đội trưởng ở CLB Celtic.</p><p>Trong khi đó Kenny McLean là một thần tài từ ghế dự bị, sút penalty hạ Israel và đánh chìm Na Uy phút 89 trong màn ngược dòng kéo dài 3 phút ở vòng loại.</p><p>Thủ quân Andy Robertson là cái tên nổi bật nhất hàng thủ Scotland nhưng sự chặt chẽ của họ đến từ Grant Hanley, một trung vệ rắn mặt với chiều cao 1m88, và Jack Hendry, một chuyên gia phất dài có tốc độ tốt để đấu với các tiền đạo nhanh nhất châu Âu.</p><p>Khi cần HLV Steve Clarke có thể gọi vào Ryan Porteous của Watford, một chuyên gia xoạc bóng rất tỉnh đòn khi không bị thẻ đỏ nào mùa qua, và Liam Cooper của Leeds, người đã có kinh nghiệm dự EURO lần trước.</p><p><strong>* "Vũ khí" chơi không chiến</strong></p><p>Scotland hoàn toàn đủ khả năng gây sốc trước Đức bởi họ có hàng phòng ngự không những chơi lùi sâu mà còn giỏi không chiến để sẵn sàng đối phó với Fullkrug và Kai Havertz, trong khi các tiền vệ luôn duy trì vị trí để đánh chặn những hộ công kiểu Jamal Musiala và Florian Wirtz. Bóng bổng sẽ là thứ "vũ khí" tối ưu của Scotland bởi họ có nhiều nhân tài trên không.</p><figure class="image"><img src="https://icdn.24h.com.vn/upload/2-2024/images/2024-06-14/2024-06-13_23-57-40-740-1718298283-893-width740height387.jpg" alt="Shankland đánh đầu tung lưới Phần Lan. Khả năng đánh biên, tạt bổng và dứt điểm trên không&amp;nbsp;hoặc đánh đầu chiến thuật cho tuyến hai dứt điểm là thế mạnh của Scotland"></figure><p><i>Shankland đánh đầu tung lưới Phần Lan. Khả năng đánh biên, tạt bổng và dứt điểm trên không&nbsp;hoặc đánh đầu chiến thuật cho tuyến hai dứt điểm là thế mạnh của Scotland</i></p><p>Ngoài McTominay, Scotland còn có Hanley và trung vệ Scott McKenna của Nottingham Forest, người sở hữu chiều cao 1m89. Tiếc cho Scotland là trung phong Lyndon Dykes không dự giải được do chấn thương, và Dykes (1m88) là cầu thủ nguy hiểm nhất trên không của Scotland.</p><p>Lawrence Shankland dự kiến sẽ dự bị cho Che Adams nhưng anh chơi đầu tốt hơn chân sút của Southampton, anh&nbsp;gỡ hòa 2-2 trước Georgia ở vòng loại và mới đây cũng đánh đầu tung lưới Phần Lan trong trận giao hữu.</p><p>Đức mặc dù có Antonio Rudiger và Jonathan Tah là những trung vệ cao to chống bóng bổng tốt, nhưng thế mạnh không chiến của Scotland sẽ buộc các cầu thủ Đức phải ở thế cảnh giác. Các tiền đạo có chiều cao như Fullkrug hay Havertz cũng có thể sẽ phải về kèm cặp các cầu thủ cao to của Scotland trong các pha đá phạt.</p><p>Một điều đáng nói là Scotland dù đánh biên và tạt nhiều nhưng đa số bàn thắng của họ không đến từ các pha đánh đầu trực tiếp, mà là các pha tấn công&nbsp;tuyến 2 sau những đường chuyền đầu chiến thuật. McTominay, McGinn, Amstrong, McLean và McGregor đều đã ghi bàn theo cách này, và chỉ một sơ sẩy trong khâu phòng thủ phía ngoài vòng cấm sẽ khiến Đức dễ bị thủng lưới.</p>', '2024-06-14', '1719209516706_th.jpg', 'Scotland có những ngón đòn rất nguy hiểm có thể khiến Đức trả giá ở trận khai mạc nếu họ xem thường đối thủ.\r\n', 'ĐT Đức coi chừng trận mở màn EURO: McTominay và vũ khí đáng gờm của Scotland', '2024-06-28 02:21:49.813000', 3, 5),
	(22, '<p>Theo tờ <i>Mirror </i>(Anh), tiền đạo Anthony Martial và trung vệ Raphael Varane là 2 trong số 7 cầu thủ sẽ rời sân Old Trafford ở mùa hè này.</p><p>Hậu vệ trưởng thành từ lò đào tạo của Man Utd là Brandon Williams cũng sẽ rời CLB. Ở mùa giải qua, Williams được cho mượn ở Ipswich Town và giúp đội bóng này thăng hạng <a href="https://dantri.com.vn/tim-kiem/premier+league.htm">Premier League</a> sau hơn 50 lần ra sân cho CLB.</p><p>Ngoài Williams, những cầu thủ trưởng thành từ học viên của Man Utd là Charlie McNeill, Marcus Lawrence và Kie Plumley đều chuẩn bị rời đi.</p><p>&nbsp;"Học viện tự hào về tất cả các cầu thủ trẻ mà chúng tôi đào tạo sẽ ra đi. Họ sẽ được hỗ trợ trong việc đảm bảo hợp đồng với các CLB mới, được cung cấp chương trình chăm sóc sau điều trị riêng và sẽ luôn gắn bó lâu dài với Man Utd", trang chủ Man Utd thông báo.</p><p>Tiếp đó, tiền vệ kỳ cựu Tom Huddlestone cũng sẽ ra đi. Cầu thủ 37 tuổi chuyển đến sân Old Trafford vào tháng 8/2022 để làm cầu thủ kiêm huấn luyện viên cho đội U21 Man Utd.</p><p>Trong khi có một số người ra đi, Man Utd cũng thông báo rằng một số cầu thủ vẫn có thể kéo dài thời gian ở lại. Trung vệ Jonny Evans và thủ thành Tom Heaton đang đàm phán về những hợp đồng mới có thể có.</p><p>Tiền vệ 19 tuổi Omari Forson và tiền đạo 20 tuổi Shola Shoretire đang chuẩn bị ký hợp đồng mới. Tuy nhiên, hậu vệ trẻ Alvaro Fernandez sẽ ra đi sau khi Benfica đồng ý mua đứt cầu thủ người Tây Ban Nha.</p><p>Cuộc "đại tu" đội hình Man Utd được cho là rất mạnh mẽ ở mùa hè này khi "Quỷ đỏ" gây thất vọng ở mùa giải vừa qua với việc cán đích ở vị trí thứ 8 ở Premier League.</p><p>Casemiro nhiều khả năng cũng sẽ ra đi, trong khi đội chủ sân Old Trafford cũng đang cân nhắc về tương lai của Jadon Sancho sau khi tiền vệ người Anh thi đấu thăng hoa trong thời gian cho mượn ở Borussia Dortmund.</p>', '2024-06-19', '1718786981514_MU-thang-FA-Cup.jpg', 'Man Utd vẫn chưa đưa ra quyết định về tương lai của HLV Erik Ten Hag nhưng CLB thành Manchester xác nhận sẽ chia tay ít nhất 7 cầu thủ trong công cuộc "đại tu" đội hình ở mùa hè này.', 'Man Utd xác nhận chia tay hàng loạt ngôi sao sau mùa giải thất vọng', '2024-07-01 09:36:29.727000', 6, 17),
	(23, '<p>Việc bị CH Séc dẫn trước không làm Bồ Đào Nha lo lắng. <a href="https://www.24h.com.vn/cristiano-ronaldo-c48e4384.html">Ronaldo</a> và các đồng đội bình tĩnh tìm kiếm cơ hội và rồi giành chiến thắng 2-1 vô cùng xứng đáng.&nbsp;</p><ol><li>&nbsp;</li></ol><p>Ronaldo ở trận này không ghi bàn nhưng nhìn chung CR7 có màn trình diễn không quá tệ. Anh chỉ tỏ ra chưa thực sự may mắn trước khung thành của CH Séc.&nbsp;</p><figure class="image"><img src="https://icdn.24h.com.vn/upload/2-2024/images/2024-06-19/e3wdsfdadd-1718761726-905-width740height495.jpg" alt="Niềm vui của Ronaldo và các đồng đội sau trận"></figure><p><i>Niềm vui của Ronaldo và các đồng đội sau trận</i></p><p>Ở tuổi 39, Ronaldo vẫn chơi trọn 90 phút. Siêu sao thuộc biên chế Al Nassr cho thấy sự quyết tâm không kém những cầu thủ ở tuổi đôi mươi. Điều này làm tờ A Bola (Bồ Đào Nha) thán phục:&nbsp;</p><p>"Ronaldo là 1 trong số ít chiến binh ở tuổi 39 có thể vượt qua những giới hạn tuổi tác tại&nbsp;EURO. Trong mọi pha bóng, chúng ta đều thấy tinh thần thi đấu của CR7 đạt mức cao nhất.&nbsp;Chỉ tiếc rằng ở trận đấu này, Ronaldo gặp phải thủ thành&nbsp;Stanek, người đã từ chối các cơ hội ăn bàn của anh".</p><p>Bên cạnh việc khen ngợi Ronaldo, tờ A Bola còn đánh giá cao khả năng vượt khó của ĐT Bồ Đào Nha: "Sự quyết tâm cao độ đã giúp <a href="https://www.24h.com.vn/doi-tuyen-bo-dao-nha-c48e4408.html">ĐT Bồ Đào Nha</a> vượt qua nghịch cảnh. Khó khăn luôn xuất hiện trong hành trình tìm vinh quang.&nbsp;</p><figure class="image"><img style="aspect-ratio:740/526;" src="https://ckeditor.com/apps/ckfinder/userfiles/files/Bruno.jpg" width="740" height="526" alt=""><figcaption>&nbsp;</figcaption></figure><p>ĐT Bồ Đào Nha phản ứng tốt khi bị đối thủ dẫn bàn. HLV Roberto Martinez cho thấy tài thay người chính xác để giúp đội nhà thoát khỏi kết quả đáng thất vọng".</p><p>Trong khi đó, tờ Maisfutebol đánh giá cao màn trình diễn của&nbsp;Vitinha và&nbsp;Bruno Fernandes. Tờ báo Bồ Đào Nha tin rằng hàng tiền vệ "Selecao châu Âu" hoạt động tốt trước CH Séc&nbsp;nhờ khả năng cầm trịch cũng như chuyền bóng ấn tượng của 2 ngôi sao này.</p>', '2024-06-19', '1718787388555_Euro-Ronaldo.jpg', 'Truyền thông Bồ Đào Nha có những bình luận đáng chú ý sau khi chứng kiến Ronaldo và các đồng đội ngược dòng trước CH Séc ở vòng bảng EURO 2024.', 'Báo chí Bồ Đào Nha thán phục Ronaldo, phấn khích khi đội nhà vượt nghịch cảnh', '2024-06-27 09:57:24.335000', 6, 23),
	(24, '<ul><li><strong>Diam dolor diam ipsum</strong></li><li><strong>Aliqu diam amet diam et eos</strong></li><li><strong>Tempor erat elitr rebum at clita</strong></li></ul><p><strong>Tổng thống Vladimir Putin đã tặng nhà lãnh đạo Triều Tiên Kim Yong Un chiếc siêu xe Aurus do Nga sản xuất, sau khi hai nước ký Hiệp ước Đối tác chiến lược toàn diện ngày 19-6. Đây là chiếc xe Aurus thứ hai mà ông Kim nhận từ Nga.</strong></p>', '2024-06-20', '1718857057893_about.jpg', 'Ông Putin tặng ông Kim siêu xe Aurus sau khi ký Hiệp ước Đối tác chiến lược toàn diện', 'Giới thiệu về chuyến thăm Triều tiên của Tổng thống Nga', '2024-06-27 09:05:34.638000', 7, 58),
	(25, '<p>Tờ L\'Équipe tiết lộ, HLV <a href="https://www.24h.com.vn/hlv-deschamps-c48e5511.html">Deschamps</a> hiện đang phải đối mặt với những "vết nứt" xuất hiện trong phòng thay đồ <a href="https://www.24h.com.vn/doi-tuyen-phap-c48e4410.html">ĐT Pháp</a> vốn được ông xây dựng&nbsp;vững chắc&nbsp;trong suốt <a href="https://www.24h.com.vn/euro-2024-c955.html">EURO 2024</a> trước đó. Các cầu thủ đội bóng áo lam không hài lòng về phương pháp quản lý của nhà cầm quân 55 tuổi.</p><p>Trong cuộc trao đổi căng thẳng với Camavinga sau trận hòa Ba Lan 1-1, HLV Deschamps đã chỉ trích tiền vệ của Real Madrid vì những sai lầm trên sân. Điều này đã khiến căng thẳng đã gia tăng trong phòng thay đồ ĐT Pháp.</p><p>Việc Antoine Griezmann bị loại khỏi đội hình xuất phát của ĐT Pháp trong trận đấu với Ba Lan, lần đầu tiên sau 8 năm, cũng gây ra sự chia rẽ trong phòng thay đồ. Một số cầu thủ cho rằng nhà cầm quân 55 tuổi không phát huy hết khả năng của tiền đạo đang khoác áo Atletico Madrid, trong khi những người khác lại đồng ý với quyết định của ông.</p><figure class="image"><img style="aspect-ratio:740/454;" src="https://icdn.24h.com.vn/upload/2-2024/images/2024-06-28/dT-Phap-co-bien-Dan-sao-bat-man-HLV-Deschamps-phong-thay-do-chia-re-5-1719527748-492-width740height454.jpg" alt="HLV Deschamps đã mất đi sự tin tưởng trong phòng thay đồ ĐT Pháp" width="740" height="454"></figure><p>Chiến thuật thay người của HLV Deschamps cũng bị đặt dấu hỏi. Trong trận hòa Hà Lan không bàn thắng, những thay đổi nhỏ của ông đã được thực hiện, khiến một số ngôi sao không được vào sân, gây ra sự bất mãn trong đội hình. Trận đấu đó, HLV Deschamps chỉ tung Kingsley Coman và Olivier Giroud vào sân, trong khi những cái tên như Barcola, Camavinga và Kolo Muani ngồi dự bị hết trận.</p><p>Các cầu thủ cũng cảm thấy cường độ tập luyện không đủ để chuẩn bị cho EURO 2024, thể hiện rõ ở việc Pháp mới ghi được 1 bàn thắng và thiếu đa dạng về chiến thuật. Với phòng thay đồ bị chia rẽ và chiến thuật đáng nghi ngờ, sự lạc quan đang suy giảm đối với triển vọng tiến xa của ĐT Pháp ở giải đấu trên đất Đức.</p><p>ĐT Pháp sẽ đối đầu ĐT Bỉ trong trận đấu tâm điểm vòng 1/8 EURO 2024 vào ngày 1/7 tới. Đội thắng cặp đấu này sẽ gặp Bồ Đào Nha hoặc Slovenia ở tứ kết.</p>', '2024-06-28', '1719541951809_Mbappe--Mbappe.jpg', 'Báo chí Pháp đưa tin, HLV Didier Deschamps đã mất kiểm soát phòng thay đồ đội bóng áo lam.', 'Dàn sao bất mãn HLV Deschamps, phòng thay đồ chia rẽ', NULL, 1, 48),
	(30, '<p>hong trào vận động hạn chế dùng túi ni lông kéo dài chưa được bao lâu, gần đây nhiều cửa hàng, siêu thị tiếp tục thoải mái phát túi ni lông cho khách hàng.</p><p>Theo bạn đọc Nhất Nguyên, việc này phải hết sức thận trọng, bởi về lâu về dài sẽ gây ra những nguy cơ <a href="https://tuoitre.vn/o-nhiem-moi-truong.html">ô nhiễm môi trường</a> tiềm ẩn.</p><p><i>Tuổi Trẻ Online</i> giới thiệu ý kiến của bài viết này.</p><figure class="image"><img src="https://cdn.tuoitre.vn/thumb_w/730/471584752817336320/2024/2/2/dsc08189-1706847608482319648324-81-46-1105-1685-crop-17068511168951455063514.jpg" alt="Người tuyên truyền, người khác lại thả túi ni lông xuống sông"></figure><h4><a href="https://tuoitre.vn/nguoi-tuyen-truyen-nguoi-khac-lai-tha-tui-nilon-xuong-song-20240202121628658.htm"><strong>Người tuyên truyền, người khác lại thả túi ni lông xuống sôngĐỌC NGAY</strong></a></h4><p>&nbsp;</p><h3><strong>Đã dặn không lấy muỗng nhựa, túi ni lông, quán vẫn bỏ vào</strong></h3><p>Với xu hướng hiện nay, việc đặt thức ăn qua ứng dụng gần như là thói quen của rất nhiều người tiêu dùng.</p><p>Phần vì tiết kiệm thời gian, phần vì được hưởng khuyến mãi, phần tiện lợi.</p><p>Tuy nhiên không nên lạm dụng điều này quá mức, sẽ dẫn đến những hệ lụy khác.</p><p>Ý thức được mặt trái của nó, mà cụ thể là phát sinh ra lượng <a href="https://tuoitre.vn/rac-thai-nhua.html">rác thải nhựa</a> thông qua bao bì, túi đựng, nên tôi thường chủ đích chọn các quán đựng thức ăn trong các loại hộp thân thiện như hộp giấy, hộp bã mía và luôn ghi chú "không lấy muỗng đũa".</p><p>Thế nhưng gần như 10 đơn thì hết 9 đơn, nhà hàng, quán ăn đã bỏ muỗng đũa dùng một lần, hay cho thêm nhiều túi ni lông vào. Có thể là do quán quá bận, không để tâm đến, hoặc cũng có thể là do thói quen của người bán, cho rằng ai cũng thích có túi ni lông cho tiện.</p><p>Thí dụ như mua một phần bún bò thì có ít nhất 7 cái túi ni lông lớn nhỏ khác nhau: đựng bún, đựng nước lèo, đựng rau, đựng chanh ớt, đựng sa tế, đựng nước mắm, và một cái to nhất, đựng hết mấy cái vừa kể.</p><p>Muốn xin ít lại vì đã mang theo cái cà mèn đựng bún thì cô bán hàng còn cười bảo tôi lắm chuyện. Còn ăn tại quán thì cũng ôi thôi, nhiều chỗ dùng muỗng nhựa, đũa dùng một lần, bọc đũa bằng ni lông hòa cùng giấy ăn vương vãi khắp nơi.</p><h3><strong>Phát cáu với nhân viên không chịu dán giá tiền lên rau củ</strong></h3><p>Có thể nói nhựa, mà cụ thể là túi ni lông, dường như đã "bao" gần hết các hoạt động của người Việt Nam, khiến nhiều người chúng ta nghĩ chúng quá tiện lợi, không thể bỏ được.</p><p>&nbsp;</p><p>Như mỗi lần đi siêu thị, gia đình chúng tôi đều mang theo túi vải và luôn phải ngăn nhân viên tính tiền bỏ đồ vào túi ni lông. Vậy mà cuối cùng mỗi tuần đều phải mang về nhà ít nhất 3-4 túi ni lông bởi một siêu thị ở TP.HCM, nơi chúng tôi thường đến. Nhân viên bỏ tất cả những thứ chưa được cân vào túi ni lông, kể cả một quả cà.</p><h4><a href="https://tuoitre.vn/aeon-viet-nam-giam-12-trieu-tui-ni-long-bang-nhung-sang-kien-xanh-20231229115828509.htm"><strong>AEON Việt Nam giảm 12 triệu túi ni lông bằng những sáng kiến “xanh”</strong></a></h4><h4><a href="https://tuoitre.vn/nguoi-dan-tp-hcm-van-giu-thoi-quen-su-dung-tui-ni-long-20231006091337318.htm"><strong>Người dân TP.HCM vẫn giữ thói quen sử dụng túi ni lông</strong></a></h4><h4><a href="https://tuoitre.vn/van-vat-va-de-han-che-tui-ni-long-20231006090153215.htm"><strong>Vẫn vất vả để hạn chế túi ni lông</strong></a></h4><p>Có lần chúng tôi đã phải phát cáu với nhân viên siêu thị này. Chúng tôi yêu cầu dán nhãn giá tiền sau khi cân lên quả dưa lưới vì chúng tôi không muốn dùng túi nhựa.&nbsp;</p><p>Thế nhưng theo thói quen, nhân viên vẫn bỏ quả dưa vào túi ni lông rồi cân.</p><p>Hay như lần khác, chúng tôi muốn bỏ một củ cà rốt, ít củ khoai tây, và một củ su hào vào chung một túi ni lông cho tiết kiệm, đỡ phần nào rác thải. Nhưng nhân viên quầy cân rau củ quả nhất định không chịu, bỏ riêng từng cái ra dù chúng tôi bảo rằng có thể bỏ chung và dán 3 cái nhãn tính tiền bên ngoài.</p><p>Sau một hồi thì cuối cùng đành chào thua vì nhân viên bảo: "Đây là quy định của siêu thị, không thể làm khác được!".</p><p>Cũng ở siêu thị này và một số siêu thị khác mà chúng tôi từng đến mua sắm, mỗi khi đứng chờ ở quầy tính tiền, chúng tôi được chứng kiến cảnh nhân viên hào phóng cho khách thêm cơ man nào là túi.</p><p>Có khi khách yêu cầu xin thêm túi ni lông, nhân viên cũng cho thêm luôn mà chẳng ai đoái hoài đến việc phát sinh rác thải nhựa, hoặc cũng có thể là vì sợ khách hàng đánh giá không tốt về mình.</p><p>Có lẽ vì vậy mà không khó bắt gặp hàng đống rác thải nhựa, túi ni lông tích tụ ven đường, trên các bụi cây...</p><p>Giải pháp cho vấn đề này đã được bàn thảo, được nhắc đi nhắc lại nhiều lần, nhưng thật buồn là dường như chưa đi đến đâu, không giải quyết triệt để và thường chẳng kéo dài.</p><p>Như trước đây các siêu thị đã rầm rộ gói rau trong lá chuối, trong giấy, nhưng chỉ được một thời gian ngắn, lại quay về với túi ni lông.</p><h3><strong>Nên tính tiền túi ni lông, không phát miễn phí tràn lan</strong></h3><p>Đã đến lúc các siêu thị, các cửa hàng tiện lợi nên tính tiền túi ni lông, không thể cứ phát miễn phí với số lượng không hạn chế như hiện nay.</p><p>Việc tính thêm ít tiền, dù không nhiều nhưng cũng sẽ khiến nhiều người cân nhắc chuyện mua túi ni lông, thấy thật sự có cần thiết phải tốn thêm tiền để mua túi hay không. Đi kèm với đó là chính sách giảm tiền hóa đơn, hoặc tăng điểm tích lũy (với thẻ thành viên), hoặc quà tặng cho các khách tự mang theo túi đựng.</p><p>Việc này đã được nhiều quốc gia trong khu vực và trên thế giới thực hiện thành công, góp phần thay đổi đáng kể hành vi người tiêu dùng.</p><p>Có như vậy người tiêu dùng từ đó ý thức hơn, cẩn trọng hơn trong việc sử dụng túi ni lông, giảm tác hại của "thảm họa trắng" đến môi trường.</p>', '2024-06-28', '1747034592064_2024-06-09.jpg', '<p>Rác nhựa, trong đó có túi ni lông, được cảnh báo là "thảm họa trắng". Thế nhưng ở một số siêu thị, mỗi khi đứng chờ ở quầy tính tiền, nhân viên thường hào phóng cho khách thêm nhiều túi.</p>', '\'Thảm họa trắng\': Mua phần bún bò có ít nhất 7 túi ni lông', '2025-05-12 07:23:12.064000', 2, 70),
	(31, '<p>Dù bị đánh giá thấp hơn, nhưng Slovakia nhập cuộc tự tin và uy hiếp khung thành <a href="https://www.24h.com.vn/doi-tuyen-anh-c48e4407.html">ĐT Anh</a>. Phút thứ 12, Strelec chọc khe tạo điều kiện cho Haraslin băng xuống dứt điểm, rất may cho ĐT Anh là Guehi và Trippier đã kịp lùi về ngăn chặn kịp thời.</p><p>Sau khoảng 15 phút, ĐT Anh dần bắt nhịp với cuộc chơi. Tuy nhiên, “Tam sư” lại bất ngờ bị thủng lưới. Phút 25, Strelec thoải mái khống chế bóng rồi chọc khe để Schranz băng xuống dứt điểm hạ gục thủ môn Pickford trong pha đối mặt. Thời gian còn lại hiệp 1, ĐT Anh đẩy cao đội hình tấn công nhưng không thể xuyên thủng hàng thủ Slovakia.</p><p>Đầu hiệp 2, Foden dễ dàng đưa bóng vào gôn trống sau đường chuyền dọn cỗ của Trippier. Tuy nhiên, VAR xác định ngôi sao của ĐT Anh&nbsp;rơi vào tư&nbsp;thế việt vị. Chỉ ít phút sau, lưới ĐT Anh suýt chút nữa rung lên lần thứ hai khi Strelec tung ra cú sút từ giữa sân đi qua đầu thủ môn Pickford và chệch cột dọc.</p><p>Đến phút 81, Rice tung cú sút xa trúng cột dọc. Khi nhiều người bắt đầu nghĩ về việc ĐT Anh bị loại thì đúng vào những giây bù giờ cuối cùng, Guehi đánh đầu ngược chiến thuật tạo điều kiện để Bellingham tung người “ngả bàn đèn” đẹp mắt quân bình tỷ số, qua đó đưa trận đấu bước vào hiệp phụ.</p><figure class="image"><img src="https://icdn.24h.com.vn/upload/3-2024/images/2024-07-01/Video-bong-da-Anh---Slovakia-Kich-tinh-120-phut-nguoc-dong-ngoan-muc-EURO-7-1719773785-98-width740height471.jpg" alt="Bellingham trở thành&amp;nbsp;&quot;người hùng&quot; của ĐT Anh"></figure><p><i>Bellingham trở thành&nbsp;"người hùng" của ĐT Anh</i></p><p>Như được tiếp thêm sự hưng phấn, ĐT Anh sớm&nbsp;có bàn thắng thứ hai&nbsp;ngay đầu hiệp phụ. Vẫn từ tình huống bóng bổng, Toney đánh đầu chiến thuật về cột xa, Kane thoải mái băng vào đánh đầu cận thành tung lưới Slovakia. Thời gian còn lại, thể lực suy giảm khiến Slovakia bất lực trong việc tìm bàn gỡ.</p><p>Ngược dòng kịch tính, ĐT Anh giành quyền lọt vào vòng tứ kết <a href="https://www.24h.com.vn/euro-2024-c955.html">EURO 2024</a> gặp Thụy Sĩ.</p><p><strong>Tỷ số chung cuộc:</strong> Anh 2-1&nbsp;Slovakia (Hiệp 1: 0-1)</p><p><strong>Ghi bàn</strong></p><p>Anh:&nbsp;Bellingham 90+5\', Kane 91\'</p><p>Slovakia: Schranz 25\'</p><p><strong>Đội hình xuất phát</strong></p><p>Anh: Pickford; Walker, Stones, Guehi, Trippier; Mainoo, Rice; Saka, Bellingham, Foden; Kane.</p><p>Slovakia: Dubravka; Pekarik, Vavro, Skriniar, Hancko; Kucka, Lobotka, Duda; Schranz, Strelec, Haraslin.</p><p><strong>Thống kê trận đấu &nbsp;</strong></p>', '2024-06-28', '1747034493304_Bruno.jpg', '', 'Video bóng đá Anh - Slovakia: Siêu phẩm Bellingham, ngược dòng ngoạn mục (EURO)', '2025-05-12 07:21:33.304000', 2, 48),
	(32, '<p><strong>Nga không chấp nhận ngừng các hoạt động quân sự dọc theo tiền tuyến hiện tại, viện dẫn hiến pháp Nga đã được sửa đổi vào năm 2022, trong đó Moscow coi 4 vùng ở Ukraine là lãnh thổ Kiev đang kiểm soát của Nga, Ngoại trưởng Nga Sergey Lavrov cho biết hôm 26/2.</strong></p><p>Theo tờ Ukrainska Pravda, ông Lavrov đưa ra tuyên bố trong cuộc họp báo ở Doha, Qatar. "Một số người nói: tốt thôi, đã có những ý tưởng hòa bình. Hãy giữ nguyên chiến tuyến. Đây là khu vực Nga kiểm soát, kia là Ukaine kiểm soát. Mọi chuyện sẽ kết thúc. Tôi muốn nói là trước hết, điều đó sẽ không xảy ra. Nó đã được quy định trong Hiến pháp Nga”, ông Lavrov tuyên bố.</p><p>Ngoại trưởng Nga nhấn mạnh điều này là không thể vì Nga có hiến pháp dựa trên ý chí của người dân. Theo ông Lavrov, những vùng lãnh thổ còn lại thuộc 4 vùng Nga sáp nhập cần phải do Moscow kiểm soát "để chấm dứt sự thù địch" từ Kiev.</p><p>Tuyên bố được ông Lavrov đưa ra trong bối cảnh Mỹ và Ukraine sắp chính thức ký thỏa thuận khoáng sản. Washington sẽ là người bảo trợ không chính thức cho Kiev để hướng tới chấm dứt xung đột. Lực lượng gìn giữ hòa bình châu Âu sau đó có thể được triển khai để duy trì hiện trạng như tiền tuyến hiện nay.</p><p>Phát biểu ngày 26/2, ông Lavrov tin rằng việc triển khai lực lượng gìn giữ hòa bình nước ngoài ở Ukraine sẽ làm phức tạp thêm tình hình. Ông nhấn mạnh tuyên bố của Tổng thống Mỹ <a href="https://www.24h.com.vn/donald-trump-c415e4024.html">Donald Trump</a>, rằng lực lượng gìn giữ hòa bình chỉ có thể được triển khai khi có sự chấp thuận của tất cả các bên, bao gồm Nga.</p><p>“Chưa ai hỏi chúng tôi về điều này. Cách tiếp cận này, được áp đặt bởi châu Âu – chủ yếu là Anh và Pháp. Thực tế là họ muốn leo thang xung đột hơn nữa, ngăn chặn mọi nỗ lực xoa dịu xung đột... Những thủ thuật cơ học đơn giản như triển khai quân đội sẽ không hiệu quả. Chúng ta cần giải quyết nguyên nhân gốc rễ của xung đột”, ông Lavrov nói.</p>', '2024-06-28', '1740648581492_594.jpg', '', 'Nga tuyên bố cứng rắn khi Mỹ - Ukraine đạt thỏa thuận khoáng sản', '2025-02-27 09:29:41.492000', 1, 2),
	(37, '<p>Cầu tàu do Mỹ xây dựng để vận chuyển viện trợ nhân đạo cho người Palestine ở Gaza sẽ đóng cửa và bị dỡ bỏ do các vấn đề về thời tiết và an ninh liên tục xảy ra, một quan chức <a href="https://dantri.com.vn/the-gioi/quan-su.htm">quân sự</a> cấp cao của Mỹ cho biết trong cuộc họp báo tại Lầu Năm Góc hôm 17/7.</p><p>Phó Đô đốc Brad Cooper, phó chỉ huy Bộ Tư lệnh Trung tâm Mỹ, nói với các phóng viên rằng nhiệm vụ của cầu tàu đã hoàn tất và nó sẽ bị dỡ bỏ. Trước đó, cầu tàu 320 triệu USD do Mỹ xây dựng đã bị chỉ trích là kém hiệu quả và tốn chi phí cao.</p><p>Tổng thống Mỹ Joe Biden tuyên bố xây dựng cầu tàu vào tháng 3 sau khi hàng chục nghìn người Palestine thiệt mạng do các đợt tấn công dồn dập của Israel vào Gaza với mục tiêu xóa sổ nhóm vũ trang Hamas.</p><p>Các cuộc tấn công của Israel tàn phá Gaza, khiến 2 triệu người Palestine phải di tản và đối mặt với tình trạng thiếu thốn thức ăn, nước uống và dịch vụ chăm sóc y tế. &nbsp;</p><p>Theo báo cáo của Liên hợp quốc vào tháng 6, khoảng 96% dân số ở Dải Gaza (2,15 triệu người) phải đối mặt với tình trạng mất an ninh lương thực ở mức độ cao.</p><p>Cầu tàu do Mỹ xây bắt đầu nhận các chuyến hàng viện trợ từ ngày 17/5 cách đây hai tháng và quân đội Mỹ cho biết họ đã chuyển gần 10.000 tấn hàng tiếp tế cho những người Palestine đang gặp khó khăn.</p><p>Tuần trước, ông Biden cho biết cầu tàu hoạt động "đáng thất vọng" khi trước đó Mỹ mong muốn có thể cung cấp 2 triệu bữa ăn mỗi ngày cho người dân Gaza thông qua công trình.</p><p>Kể từ khi được xây xong, cầu tàu đã 3 lần bị tháo dỡ và chuyển đến cảng Ashdod của Israel để sửa chữa do thời tiết xấu. Vào tháng 6, các quan chức Lầu Năm Góc cho biết việc sửa chữa cầu tàu do biển động ước tính tiêu tốn ít nhất 22 triệu USD.&nbsp;</p><p>Sau nhiều tháng chiến sự giữa Israel và Hamas nổ ra, các tổ chức quốc tế cảnh báo về một cuộc khủng hoảng nhân đạo nghiêm trọng đe dọa dân số hơn 2&nbsp; triệu người Palestine ở Gaza.&nbsp;</p><p>Người dân ở Dải Gaza phải ăn thức ăn chăn nuôi, thậm chí xương rồng để sống sót. Các bác sĩ cho biết trẻ em tử vong trong bệnh viện do suy dinh dưỡng và mất nước, trong khi Liên hợp quốc thừa nhận phải đối mặt với "những trở ngại quá lớn" trong việc viện trợ.</p><p>Theo cơ quan y tế ở Gaza, số người thiệt mạng cao nhấn mạnh thử thách khủng khiếp kéo dài nhiều tháng của người dân Palestine ở dải đất này, trong đó các chiến dịch ném bom trên không và tấn công trên bộ của Israel đã khiến đại đa số cư dân phải di dời và tạo ra một cuộc khủng hoảng nhân đạo thảm khốc.</p>', '2024-06-28', '1721291052854_weather.jpeg', 'Do phải ưu tiên dành thời gian để Tổng Bí thư Nguyễn Phú Trọng tập trung điều trị, trước mắt Bộ Chính trị phân công Chủ tịch nước Tô Lâm chủ trì công việc của Trung ương, Bộ Chính trị, Ban Bí thư', 'Mỹ dỡ bỏ cầu tàu 320 triệu USD ở Gaza sau 2 tháng sử dụng', '2024-07-18 08:24:12.854000', 1, 6),
	(42, '<p>Ngày 5-7, Cơ quan CSĐT Công an TP Vũng Tàu (tỉnh Bà Rịa – Vũng Tàu), cho biết đang truy tìm người cùng phương tiện liên quan đến vụ án hình sự "Vi phạm quy định về tham gia <a href="https://www.24h.com.vn/an-toan-giao-thong-c51e3795.html">giao thông</a> đường bộ".</p><p>Cụ thể, Công an TP Vũng Tàu đang điều tra vụ <a href="https://www.24h.com.vn/tai-nan-giao-thong-c408.html">tai nạn giao thông</a> nghiêm trọng khiến 2 người tử vong, 5 người khác bị thương do nữ tài xế có nồng độ cồn vượt ngưỡng cho phép, tông hàng loạt người xảy ra trong đêm 27-6.</p><p>Quá trình điều tra xác định, khoảng 21 giờ 17 phút ngày 27-6, tại khu vực giao nhau giữa đường Nguyễn Văn Trỗi - Hùng Vương - Triệu Việt Vương (phường 4), xe ô tô do Trần Thị Thu Thanh điều khiển trên đường Nguyễn Văn Trỗi theo hướng đi từ Nguyễn Văn Trỗi đến Lê Quý Đôn. Khi đến khu vực trên xe ô tô va chạm vào xe máy do ông Bùi Xuân Thảo điều khiển khiến ông Thảo bị thương đang được điều trị tại bệnh viện.</p><p>Ngoài ông Thảo ra, thời điểm này công an cũng xác định có một xe máy khác chạy cùng chiều phía trước cũng bị xe của Thanh va chạm vào, tuy nhiên tới nay vẫn chưa xác định được đặc điểm phương tiện lẫn người điều khiển,</p><p>Để có căn cứ điều tra, xử lý vụ án theo quy định, Công an TP Vũng Tàu thông báo, nếu các cơ quan, đơn vị có thông tin về người điều khiển và phương tiện trên thì thông báo đến Cơ quan CSĐT Công an TP Vũng Tàu để làm việc.</p><figure class="image"><img src="https://icdn.24h.com.vn/upload/3-2024/images/2024-07-05/1720153785-img6486-17195818168511276826063-width640height480.jpeg" alt="Trần Thị Thu Thanh bị khởi tố để điều tra" width="740"></figure><p><i>Trần Thị Thu Thanh bị khởi tố để điều tra</i></p><p>Trước đó, Thanh là người điều khiển ô tô gây ra hàng loạt vụ tai nạn giao thông trong đêm 27-6.</p><p>Cụ thể, khoảng 21 giờ 15 phút tối 27-6, Thanh điều khiển xe lưu thông trên đường Nguyễn Văn Trỗi (hướng ra bãi biển), sau đó đâm vào xe đẩy rác do bà Nguyễn Thị P. đẩy bộ, cùng chiều phía trước.</p><p>Không dừng lại, Thanh điều khiển ô tô chạy đến giao lộ Hùng Vương - Nguyễn Văn Trỗi thì tiếp tục va chạm với xe máy do ông Bùi Xuân T. điều khiển cùng chiều phía trước. Thanh tiếp tục lái xe tới ngã năm trên đường Nguyễn Văn Trỗi, đâm vào 2 xe máy khác đang chạy cùng chiều.</p><p>Ô tô do Thanh điều khiển kéo lê xe máy về hướng đường Lê Quý Đôn và tiếp tục đâm vào xe máy do bà Phan Thị S. (SN 1951) và con gái Lê Thị Như T. (SN 1981, ngụ TP Vũng Tàu) lưu thông chiều ngược lại, đang chờ đèn tín hiệu.</p><p>Vụ tai nạn đã khiến bà Phan Thị S. cùng con gái tử vong tại chỗ, 5 người được đưa đi cấp cứu tại bệnh viện.</p><p>Kết quả nồng độ cồn trong máu của Thanh ghi nhận kịch khung là 82,3mg/L (nồng độ cồn qua hơi thở 0,503mg/L), Thanh cũng chưa có bằng lái xe ô tô.</p>', '2024-07-01', '1720163194663_FLC.jpeg', 'Công an TP Vũng Tàu tìm người và phương tiện liên quan đến vụ tai nạn giao thông tại khu vực giao nhau giữa đường Nguyễn Văn Trỗi – Hùng Vương – Triệu Việt Vương do nữ tài xế say xỉn tông hàng loạt người', 'Công an tìm người có liên quan vụ tai nạn "nữ tài xế say xỉn tông 2 người tử vong"', '2024-07-05 07:06:34.663000', 2, 29),
	(45, '<p>Lương tháng của người lao động trong doanh nghiệp tăng 6%, thêm 200.000-280.000 đồng tùy từng vùng từ ngày 1/7.</p><p>Ngày 30/6, Chính phủ ban hành Nghị định 74 tăng 6% lương tối thiểu tháng và giờ, căn cứ trên đề xuất của Bộ Lao động Thương binh và Xã hội. Mức tăng được đánh giá "hài hòa giữa doanh nghiệp và lao động, cơ bản đảm bảo mức sống tối thiểu năm 2025".</p><p>Lương tối thiểu tháng vùng 1 nâng lên 4,96 triệu đồng; vùng 2 là 4,41; vùng 3 là 3,86 và vùng 4 là 3,45 triệu đồng. Lương hiện hành các vùng đang dao động 3,25-4,68 triệu đồng.</p>', '2024-07-01', '1719826422927_Euro-Ronaldo.jpg', '', 'Thymeleaf Select Option(List) Example - Dropdown - Java Inspires', '2024-07-02 04:04:14.391000', 6, 8),
	(46, '<p>Cựu danh thủ Chris Sutton đánh giá cao việc HLV Gareth Southgate thay thủ quân Harry Kane, không như cách xử lý ôn hòa của đồng nghiệp Roberto Martinez với Cristiano Ronaldo.</p><p>"Chỉ vài giây sau khi vào sân, Ollie Watkins đã cho thấy sự khác biệt với pha tăng tốc loại bỏ Virgil van Dijk, tạo khoảng trống cho đồng đội. Dù đường chuyền của John Stones sau đó không đến được vị trí của Watkins, chính sự xông xáo của tiền đạo này đã tạo ra đột biến cho hàng công tuyển Anh", Sutton đánh giá sau khi chứng kiến <a href="https://vnexpress.net/truc-tiep-tran-ha-lan-anh-o-ban-ket-euro-2024-4768536-tong-thuat.html">Anh thắng ngược Hà Lan 2-1</a> ở bán kết Euro 2024 hôm qua.</p><p>Bước ngoặt của trận đấu là việc Southgate tung Watkins vào thay Kane ở phút 81, khi tỷ số đang là 1-1. Ở phút đá chính cuối cùng, ngay trong lần dứt điểm đầu tiên, Watkins sút chéo góc để hạ thủ thành Bart Verbruggen. Người kiến tạo cho anh - Cole Palmer - cũng được tung vào thay Phil Foden ở cuối hiệp hai.</p><figure class="image"><img src="https://ckeditor.com/apps/ckfinder/userfiles/files/22-495-171.jpg"></figure><p>Đây mới là lần thứ hai Watkins được sử dụng tại Euro 2024. Ở vòng bảng, tiền đạo thuộc biên chế Aston Villa chơi 20 phút cuối trận hòa Đan Mạch, cũng vào thay Kane.</p><p>Sutton cho rằng Southgate đã quyết định dũng cảm khi thay Kane, thủ quân và là cây săn bàn chủ lực của Anh nhiều năm qua. "Southgate đã nhìn thấy sự sụt giảm của Anh trong hiệp hai. Kane có những hạn chế, một trong số đó là khả năng di chuyển ra sau lưng hàng thủ đối phương. Watkins bổ sung điều đó", Sutton nhận xét.</p><p>Nhân sự việc này, cựu danh thủ Anh đặt ra sự so sánh giữa Southgate với đồng nghiệp Roberto Martinez của Bồ Đào Nha. Ông nói: "Chúng ta đã thấy cách xử lý của HLV Roberto Martinez. Ông ấy không rút Cristiano Ronaldo, và điều đó khiến họ phải trả giá bằng trận thua Pháp tại tứ kết. Còn Southgate đã dám hành động. Dù tên tuổi lớn đến đâu, bạn cũng phải làm những điều tốt nhất cho đội".</p>', '2024-07-01', '1740649460696_1717573568035_Nang-cap-hang-tien-ve-MU.jpg', '', 'Chuyên gia: \'Southgate đã làm điều Martinez không dám với Ronaldo\'', '2025-02-27 09:44:20.696000', 1, 8),
	(48, '<p>Bồ Đào Nha hoà Slovenia 0-0 trong 120 phút, buộc phải phân định vé tứ kết bằng loạt luân lưu. Tại đây, Costa lần lượt đánh bại Josip Ilicic, Jure Balkovec và Benjamin Verbic. Trong lịch sử Euro, chưa cầu thủ nào làm được như Costa.</p><p>Trước đó, ở phút 115 của hiệp phụ, Costa đã dùng chân cản phá cú sút trong thế đối mặt của Benjamin Sesko.</p><p>Màn toả sáng này giúp Costa lần đầu giành danh hiệu cầu thủ hay nhất trận tại Euro. Theo thủ môn Bồ Đào Nha, trận đấu ở sân Deutsche Bank Park là tuyệt vời nhất cuộc đời anh cho đến lúc này. "Chúng tôi đã phân tích cách sút của đối phương nhưng họ cũng thay đổi", Costa nói. "Tôi đã làm theo bản năng".</p><p>Thủ môn trưởng thành từ lò đào tạo trẻ Porto được xem là một trong những thủ môn trẻ hay nhất châu Âu. Trước đây, anh từng nằm trong đội hình tiêu biểu Giải U17, U19, U21 châu Âu, rồi giải vô địch quốc gia Bồ Đào Nha mùa 2021-2022 và 2022-2023.</p><p>Costa còn đang nắm giữ kỷ lục thủ môn đầu tiên cản phá ba quả phạt đền trong chiến dịch Champions League 2022-2023. Trong màu áo Porto, anh lần lượt đánh bại Patrik Schick, Karem Dermibay của CLB Đức Bayer Leverkusen và Noa Lang của CLB Bỉ Brugge.</p><p>Trước 22 quả 11m phải đối mặt, Costa đã cản phá thành công 12, đạt tỷ lệ 54,5%. Ngoài sáu quả kể trên, Costa từng cản phá thành công ba lần ở Giải hạng Nhì, một ở Cup Quốc gia và hai ở League Cup của Bồ Đào Nha.</p><p><picture><source srcset="https://i1-thethao.vnecdn.net/2024/07/02/diogo-costa-bo-dao-nha-sloveni-2747-2896-1719877338.jpg?w=680&amp;h=0&amp;q=100&amp;dpr=1&amp;fit=crop&amp;s=4mvyMBaa7M5lmV2AglHwUA 1x, https://i1-thethao.vnecdn.net/2024/07/02/diogo-costa-bo-dao-nha-sloveni-2747-2896-1719877338.jpg?w=1020&amp;h=0&amp;q=100&amp;dpr=1&amp;fit=crop&amp;s=Me6F56cVOno3lPvMYpbe4g 1.5x, https://i1-thethao.vnecdn.net/2024/07/02/diogo-costa-bo-dao-nha-sloveni-2747-2896-1719877338.jpg?w=680&amp;h=0&amp;q=100&amp;dpr=2&amp;fit=crop&amp;s=jZY-aDv2_AQS7vjoFKpoUA 2x"><img src="https://i1-thethao.vnecdn.net/2024/07/02/diogo-costa-bo-dao-nha-sloveni-2747-2896-1719877338.jpg?w=680&amp;h=0&amp;q=100&amp;dpr=1&amp;fit=crop&amp;s=4mvyMBaa7M5lmV2AglHwUA" alt="Các cầu thủ Bồ Đào Nha chia vui cùng Diogo Costa sau khi chiến thắng ở loạt luân lưu. Ảnh: UEFA" width="680" height="850"></picture></p><p>Các cầu thủ Bồ Đào Nha chia vui cùng Diogo Costa sau khi chiến thắng ở loạt luân lưu. Ảnh: UEFA</p><p>Trong khi Costa cản phá, các đồng đội Cristino Ronaldo, Bruno Fernandes và Bernando Silva thực hiện thành công loạt luân lưu, giúp Bồ Đào Nha thắng chung cuộc 3-0 để đi tiếp gặp Pháp.</p><p>Costa đánh giá Slovenia đã phòng ngự bằng cả mạng sống và gây ra nhiều khó khăn. Chính vì vậy, anh ít phải làm việc nhưng căng thẳng hơn khi phải luôn duy trì sự tập trung. Màn trình diễn chói sáng của Costa còn giúp giảm nhẹ đi sai lầm đá hỏng phạt đền ở phút 105 của Ronaldo, hay lỗi mất bóng của Pepe dẫn đến cơ hội cho Sesko ở hiệp phụ.</p><p>Costa cho biết: "Tất cả chúng ta đều mắc sai lầm nhưng quan trọng là làm gì tiếp theo. Ronaldo là một cầu thủ chăm chỉ và tôi hiểu sự thất vọng này. Anh ấy vẫn làm tấm gương cho tôi và như Pepe nói, các cầu thủ Bồ Đào Nha ở đây như một gia đình".</p>', '2024-07-02', '1719900256164_diogo-costa.png', 'Thủ môn Diogo Costa trở thành người đầu tiên cản phá thành công ba quả luân lưu trong một trận ở Euro, khi Bồ Đào Nha loại Slovenia ở vòng 1/8.', 'Thủ môn Bồ Đào Nha lập kỷ lục cản 11m ở Euro', '2024-07-02 06:19:18.705000', 3, 23),
	(49, '<p>Phút 85, Vertonghen chắn cú sút của Randal Kolo Muani, khiến bóng đổi hướng thành bàn phản lưới Bỉ. Trong khi các đồng đội chạy đến bên cạnh Muani để chia vui, Mbappe quay sang Vertonghen để giơ hai tay lên reo mừng, nhưng đúng lúc trung vệ 37 tuổi quay mặt đi nên không nhìn thấy hành động của thủ quân Pháp.</p><p>Hành động của Mbappe không qua được mắt trọng tài người Thụy Điển, Glenn Nyberg. Ông nhắc nhở Mbappe về thái độ đó, nhưng không rút thẻ vàng cảnh cáo tiền đạo 26 tuổi.</p><p>Tuy nhiên, Mbappe không thoát khỏi những lời chê trách từ mạng xã hội. Tài khoản <i>@FiorentinaTuna</i> trên <i>X</i> bình luận: "Mbappe không có chút phẩm giá nào". <i>@itz_Olajerry</i> thì phản hồi: "Làm vậy không hay chút nào". Còn @<i>PhilipDawson1</i> nhận xét: "Thật sự thiếu chuyên nghiệp, đáng xấu hổ, đặc biệt với một đội trưởng"</p><p>Nguồn cơn cho hành động của Mbappe đến ở phút 71, khi hai cầu thủ này va chạm trong cấm địa Bỉ. Sau đó, họ tiếp tục lời qua tiếng lại, suýt nữa xô xát, nếu không được trọng tài can ngăn. Ít phút sau đó, Vertonghen nhận thẻ vàng, nhưng vì một pha phạm lỗi với Muani.</p><p>Euro 2024 là giải đấu lớn đầu tiên Mbappe làm thủ quân tuyển Pháp, sau Hugo Lloris tại World Cup 2022. Tiền đạo tân binh Real Madrid chưa thể hiện tốt tại Đức, khi anh mới ghi một bàn từ phạt đền. Trong trận gặp Bỉ, Mbappe sút năm lần, đều vọt xà.</p><p>Vertonghen đã khoác áo Bỉ từ năm 2007, ghi 10 bàn trong 156 trận, giữ kỷ lục số trận đấu cho đội tuyển. Trung vệ 37 tuổi thất vọng ra mặt khi phản lưới nhà, dù tình huống này thiếu may mắn.</p><p>Sau trận Vertonghen và Mbappe vẫn bắt tay nhau, khi Bỉ dừng bước, còn Pháp vào tứ kết.</p>', '2024-07-02', '1719901308155_mbappe-vertonghen-jpeg.jpg', 'iền đạo Kylian Mbappe chạy tới trước trung vệ Jan Vertonghen để reo mừng, sau khi cầu thủ Bỉ phản lưới ở trận thua Pháp tại vòng 1/8 Euro.', 'Mbappe chế giễu trung vệ Bỉ phản lưới', '2024-07-05 07:04:10.739000', 2, 62),
	(50, '<p>"Xe lao xuống vực rất nhanh, tôi thấy may mắn khi còn sống", bà Liễu bàng hoàng khi kể về vụ tai nạn xe giường nằm chở 48 người lao xuống vực ở đèo Cùi Chỏ, xã Quảng Khê, huyện Đăk G\'long, khiến 22 người bị thương, chiều 1/7.</p><p>Nằm giường bệnh ở trung tâm y tế huyện Đăk G\'long, bà gặp khó khăn khi xoay xở với nhiều vết thường ngoài da, đau nhức khắp người. Bà Liễu là thành viên của đoàn 45 người từ Bình Dương và TP HCM trên chuyến du lịch đi Măng Đen, Kon Tum, trong 4 ngày. Xe khởi hành từ Bình Dương cùng với hai tài xế và một phụ xe hôm 27/6, sau một ngày đã đến nơi để tham quan, nghỉ dưỡng.</p><p>Sáng qua, xe bắt đầu trở về Bình Dương. Trên đường đi, đoàn khách ghé vào khu du lịch Tà Đùng, huyện Đăk G\'long nghỉ ngơi, ăn trưa sau đó di chuyển. Đến gần 13h, ôtô tiếp tục hành trình qua nhiều tuyến đường đèo khúc khuỷu.</p><p>Bà Liễu kể khi đang chợp mắt trên hàng ghế ở giữa, bất ngờ nghe tiếng nổ lớn ở phía trước, sau đó xe chao đảo, tông vào dải phân cách chúi đầu xuống vực chỉ trong tích tắc. Khi ôtô trượt dài xuống dưới, bà cùng khách trên xe hoảng loạn, la hét thất thanh. Cửa kính xe đập xuống mặt đất vỡ nát, nhiều đồ đạc, mảnh vỡ văng tung toé trúng nhiều người bị thương.</p><figure class="image"><img src="https://icdn.24h.com.vn/upload/3-2024/images/2024-07-02/1719882719-449445181-493281116556968-2187-8577-3717-1719870790-width680height408.jpg" alt="Hành khách được giải cứu sau khi xe lao xuống vực. Ảnh: Minh Bằng"></figure><p><i>Hành khách được giải cứu sau khi xe lao xuống vực. Ảnh: Minh Bằng</i></p><p>Khi xe dừng lại cạnh bụi cây, dây leo, nhiều người dồn về một phía. Cơ thể bà Liễu bị nhiều người khác đè lên không thể nhúc nhích. Lúc này, bà cố gắng la hét để những người khác nhích lên, tạo khoảng trống giúp người phụ nữ chui theo cửa sổ bị vỡ chui ra ngoài. Sau khi thoát ra, bà được nhiều người khác ở phía trên đường chạy xuống đưa lên xe cấp cứu.</p><p>Đi cùng chuyến xe với bà Liễu, bà Lê Thị Bạch Tuyết, 65 tuổi, chịu sự va đập mạnh trong sự cố, song may mắn không bị thương. Bà kể khi đang ngồi ở hàng ghế thứ 5 thì đột nhiên xe chao đảo. Lúc này người phụ nữ nghe tài xế nói lớn "xe bị nổ lốp, mất thắng".</p><p>Vừa dứt lời, ôtô chở 48 người đã lao xuống phía dưới hàng chục mét trước khi đầu xe tông trúng tảng đá lớn dừng lại. Nữ du khách choáng váng khi va đập vào thành ghế trước xe. Theo bà Tuyết, thời điểm này, hai tài xế còn tỉnh táo đã đập kính chắn gió, tạo khoảng trống để mọi người chui ra. Cùng lúc, hàng chục cảnh sát cùng người dân lao xuống bên dưới kéo những nạn nhân mắc kẹt trong xe ra ngoài.</p><p><i>Ôtô lật nghiêng khi lao xuống vực được xe cẩu kéo lên mặt đường. Ảnh: Ngọc Oanh</i></p><p>Sau tai nạn, nhiều người dân cùng gần 50 cảnh sát đã nhanh chóng đến hiện trường ứng cứu. Chỉ huy tại hiện trường, thượng tá Nguyễn Xuân Hùng, Trưởng công an huyện Đăk G’long, cho biết do dốc nghiêng như thẳng đứng nên các chiến sĩ phải nắm lấy tay nhau tại thành lan can như cầu thang để nhiều người bị nạn đi bộ lên phía trên.</p><p>Còn những người bị thương nặng, lực lượng phải cõng trên vai, cùng nhau khiêng để lên trên. Để việc cấp cứu nhanh chóng, CSGT đã chủ động phân luồng điều hơn chục xe cứu thương đến đưa nạn nhân vào các bệnh viện, trung tâm y tế sớm nhất.</p><p>Theo thượng tá Hùng, xe bị nạn khi đang đổ dốc tại khúc cua hình "khuỷu tay". Khu vực này có nhiều dây leo, thảm cỏ dày "như cái nệm" đã hạn chế va đập lúc rơi xuống vực. Ôtô cũng lật sang một bên trượt dài chứ không lộn vòng giúp giảm chấn động cho người ngồi bên trong nên không gây ra hậu quả nghiêm trọng.</p><p>Trung tâm y tế huyện Đăk G’long đã tiếp nhận 22 người để chăm sóc y tế, trong đó 6 người bị thương nặng được chuyển lên Bệnh viện tỉnh Đăk Nông, còn lại bị xây xát ngoài da.</p>', '2024-07-02', '1740649395820_1717572987795_Mitsubishi-Attrage-Sedan.jpg', '<p>Đăk Nông - Sau tiếng nổ lớn trước đầu xe, bà Dương Thị Liễu, 66 tuổi, thấy ôtô chúi đầu xuống vực, trượt dài, nhiều người đổ dồn về một bên thân xe la hét, hoảng loạn.</p>', 'Chuyến du lịch bất trắc của đoàn khách trên xe lao xuống vực', '2025-02-27 09:43:15.820000', 2, 33),
	(51, '<p>Người hâm mộ&nbsp;Anh đang nóng lòng chờ đợi trận chung kết&nbsp;với Tây Ban Nha, và ngành&nbsp;dịch vụ khách sạn của xứ sở sương mù cũng vậy. Theo tờ The Sun, các chuyên gia&nbsp;phân tích ước tính&nbsp;rằng trận đấu&nbsp;vào ngày 15/7 tới đây&nbsp;sẽ tạo ra khoản chi tiêu lên đến 800 triệu bảng cho ngành dịch vụ của Anh.</p><p>&nbsp;</p><figure class="image"><img src="https://icdn.24h.com.vn/upload/3-2024/images/2024-07-12/Choang-fan-Anh-chi-800-trieu-bang-co-vu-7-1720747266-119-width740height493.jpg" alt="ĐT Anh lọt vào trận chung kết EURO 2024 sẽ tạo ra khoản tăng trưởng 800 triệu bảng cho ngành dịch vụ của quốc gia này"></figure><p>&nbsp;</p><p>&nbsp;</p><p><i>ĐT Anh lọt vào trận chung kết </i><a href="https://www.24h.com.vn/euro-2024-c955.html"><i>EURO 2024</i></a><i> sẽ tạo ra khoản tăng trưởng 800 triệu bảng cho ngành dịch vụ của quốc gia này</i></p><p>Chỉ riêng trong ngày 15/7 tới đây, doanh thu từ rượu ở Anh ước tính sẽ đạt khoảng 120 triệu bảng, các quán rượu dự kiến ​​sẽ bán được nhiều hơn bình thường 10 triệu lít. Tuy nhiên, nhiều người hâm mộ Anh có thể sẽ tránh xa các loại bia&nbsp;của Tây Ban Nha như một cách để thể hiện sự ủng hộ của họ dành cho “Tam Sư”.</p><p>Emma McClarkin, giám đốc điều hành của Hiệp hội Bia và Quán rượu Anh, cho biết: “Giống như vòng bán kết EURO, các quán rượu sẽ được cấp phép mở cửa đến 1 giờ sáng. Điều đó giúp người hâm mộ có thêm thời gian để thưởng thức trận đấu, ủng hộ các quán rượu của chúng tôi và hy vọng sẽ ăn mừng khi <a href="https://www.24h.com.vn/bong-da-c48.html">bóng đá</a> cuối cùng đã trở về nhà”.</p><figure class="image"><img src="https://icdn.24h.com.vn/upload/3-2024/images/2024-07-12/Choang-fan-Anh-chi-800-trieu-bang-co-vu-3-1720747317-223-width740height491.jpg" alt="Ước tính khoảng 120 triệu bảng tiền rượu sẽ được tiêu thụ&amp;nbsp;ở Anh trong ngày diễn ra trận chung kết EURO 2024"></figure><p><i>Ước tính khoảng 120 triệu bảng tiền rượu sẽ được tiêu thụ&nbsp;ở Anh trong ngày diễn ra trận chung kết EURO 2024</i></p><p>Tesco, siêu thị lớn nhất nước Anh, ước tính họ sẽ bán được 4 triệu túi bia và rượu táo, cùng với 1,2 triệu lon và chai bia có nồng độ cồn thấp và không cồn. Gần 2,5 triệu chai rượu vang&nbsp;và một lượng rượu sâm panh tương tự dự kiến&nbsp;cũng sẽ được tiêu thụ ở Anh vào ngày 15/7 tới đây.</p><p>Tesco cũng ước tính họ&nbsp;sẽ bán được hơn 1 triệu chiếc pizza và bánh nướng, trong khi gần 800.000 gói xúc xích và 180.000 chiếc bánh mì kẹp thịt sẽ được mua để phục vụ bữa tiệc nướng.</p><p>Andrew Rennie, giám đốc điều hành của Domino’s, cho biết chuỗi cửa hàng bán đồ ăn mang về này dự kiến ​​sẽ sản xuất được&nbsp;20 đến 25 chiếc pizza mỗi giây để phục vụ người hâm mộ ở Anh&nbsp;trong suốt thời gian diễn ra trận chung kết EURO 2024 sắp tới.</p><p>Trận đấu với Tây Ban Nha dự kiến ​​sẽ được 32 triệu người hâm mộ ở Anh theo dõi qua truyền hình, bằng một nửa dân số quốc gia này. Và các ông chủ tại các siêu thị, trạm xăng và dịch vụ giao hàng ở quốc gia này&nbsp;đang chịu áp lực phải cho nhân viên nghỉ buổi tối để họ cũng có thể xem trận đấu.</p><figure class="image"><img src="https://icdn.24h.com.vn/upload/3-2024/images/2024-07-12/Choang-fan-Anh-chi-800-trieu-bang-co-vu-4-1720747842-640-width740height483.jpg" alt="Bữa tiệc bóng đá sắp tới&amp;nbsp;sẽ gây ra tình trạng say xỉn khủng khiếp ở nước Anh"></figure><p><i>Bữa tiệc bóng đá sắp tới&nbsp;sẽ gây ra tình trạng say xỉn khủng khiếp ở nước Anh</i></p><p>Tesco cho biết họ sẽ đóng cửa sớm 1.800 cửa hàng vào buổi tối để nhân viên có thể kịp xem trận đấu.</p><p>Trước đó, các chuyên gia ước tính&nbsp;rằng bàn thắng ấn định tỷ số 2-1&nbsp;ở&nbsp;phút thứ 90 của Ollie Watkins vào lưới Hà Lan trong&nbsp;trận bán kết&nbsp;đã tạo nên cơn sốt chi tiêu trị giá 405 triệu bảng tại các quán rượu và siêu thị ở Anh</p>', '2024-07-12', '1740649359769_1717567954963_Bruno.jpg', '', 'Choáng fan Anh chờ mở tiệc chung kết EURO, chi 800 triệu bảng cổ vũ "Tam sư"', '2025-05-12 07:20:05.953000', 2, 17),
	(52, '<p><i>Mccccessi gặp vấn đề ngay trong hiệp một khi anh đau đớn nằm sân ở phút 37. Sau đó "El Pulga" vẫn thi đấu và bị nghi ngờ đã có tình huống giả vờ đau.</i></p><figure class="image"><img src="https://icdn.24h.com.vn/upload/3-2024/images/2024-07-15/3wferrhgeff-1721019327-770-width740height495.jpg" alt="Tuy nhiên Messi không hề giả vờ đau. Anh thực sự gặp chấn thương và cố gắng nén đau thi đấu. Để rồi sang hiệp hai, siêu sao sinh năm 1987 không thể trụ tiếp nữa.&amp;nbsp;"></figure><p><i>Tuy nhiên </i><a href="https://www.24h.com.vn/lionel-messi-c48e4386.html"><i>Messi</i></a><i> không hề giả vờ đau. Anh thực sự gặp chấn thương và cố gắng nén đau thi đấu. Để rồi sang hiệp hai, siêu sao sinh năm 1987 không thể trụ tiếp nữa.&nbsp;</i></p><figure class="image"><img src="https://icdn.24h.com.vn/upload/3-2024/images/2024-07-15/e3dfgsbsf-1721019384-864-width740height495.jpg" alt="Messi phải rời sân ở phút 66. Khi ngồi vào băng ghế dự bị, &quot;El Pulga&quot; đã òa khóc nức nở."></figure><p><i>Messi phải rời sân ở phút 66. Khi ngồi vào băng ghế dự bị, "El Pulga" đã òa khóc nức nở.</i></p><figure class="image"><img src="https://icdn.24h.com.vn/upload/3-2024/images/2024-07-15/e3dsfdsghhff-1721019442-154-width740height495.jpg" alt="Không có Messi trên sân, Argentina vẫn thi đấu quyết tâm. Để rồi đến phút 112 ở hiệp phụ thứ 2, Lautaro Martinez đã sắm vai người hùng khi ghi bàn thắng duy nhất của trận đấu."></figure><p><i>Không có Messi trên sân, Argentina vẫn thi đấu quyết tâm. Để rồi đến phút 112 ở hiệp phụ thứ 2, Lautaro Martinez đã sắm vai người hùng khi ghi bàn thắng duy nhất của trận đấu.</i></p><figure class="image"><img src="https://icdn.24h.com.vn/upload/3-2024/images/2024-07-15/e3dsrsdd-1721019500-272-width740height495.jpg" alt="Argentina bảo vệ thành quả 1-0 cho đến hết trận, qua đó bảo vệ thành công ngôi vương Copa America. Người hùng&amp;nbsp;Lautaro Martinez không thể giấu nổi nước mắt khi trận đấu kết thúc."></figure><p><i>Argentina bảo vệ thành quả 1-0 cho đến hết trận, qua đó bảo vệ thành công ngôi vương Copa America. Người hùng&nbsp;Lautaro Martinez không thể giấu nổi nước mắt khi trận đấu kết thúc.</i></p><figure class="image"><img src="https://icdn.24h.com.vn/upload/3-2024/images/2024-07-15/e3wesfs--ttf-1721019578-101-width740height495.jpg" alt="Di Maria, cầu thủ sẽ chia tay ĐT Argentina sau Copa America 2024 cũng òa khóc vào lúc rời sân ở phút 117. Việc có được chức vô địch trước ngày giã từ ĐTQG thực sự là khoảnh&amp;nbsp;khắc khó quên với ngôi sao này.&amp;nbsp;"></figure><p><i>Di Maria, cầu thủ sẽ chia tay ĐT Argentina sau </i><a href="https://www.24h.com.vn/copa-america-c1086.html"><i>Copa America 2024</i></a><i> cũng òa khóc vào lúc rời sân ở phút 117. Việc có được chức vô địch trước ngày giã từ ĐTQG thực sự là khoảnh&nbsp;khắc khó quên với ngôi sao này.&nbsp;</i></p><figure class="image"><img src="https://icdn.24h.com.vn/upload/3-2024/images/2024-07-15/e3drfsff-1721019663-696-width740height495.jpg" alt="Messi đã gạt đi nước mắt để có được niềm vui vỡ òa cùng toàn đội."></figure><p><i>Messi đã gạt đi nước mắt để có được niềm vui vỡ òa cùng toàn đội.</i></p><figure class="image"><img src="https://icdn.24h.com.vn/upload/3-2024/images/2024-07-15/e3sfsdggff-1721019711-189-width740height495.jpg" alt="Các cầu thủ Argentina cùng nhau chung vui ngôi vương Copa America 2024.&amp;nbsp;"></figure><p><i>Các cầu thủ Argentina cùng nhau chung vui ngôi vương Copa America 2024.&nbsp;</i></p><figure class="image"><img src="https://icdn.24h.com.vn/upload/3-2024/images/2024-07-15/---43edsfggf-1721019794-758-width740height631.jpg" alt="Lautaro Martinez xuất sắc giành danh hiệu Vua phá lưới dù không đá chính mọi trận đấu ở Copa America 2024."></figure><p><i>Lautaro Martinez xuất sắc giành danh hiệu Vua phá lưới dù không đá chính mọi trận đấu ở Copa America 2024.</i></p>', '2024-07-15', '1740649340252_1721026499117_CopaAmerica2024.jpg', '<p>Nước mắt của Messi, Di Maria và nhiều cầu thủ Argentina đã rơi ở trận chung kết Copa America 2024 giữa Argentina và Colombia.</p>', 'Argentina vô địch Copa America: Messi gạt nước mắt nâng cúp, Di Maria xúc động ngày chia tayc', '2025-02-27 09:42:20.252000', 4, 41),
	(53, '<blockquote><p>Lại là mình đây, trong bài viết này mình sẽ kể khổ cho các bạn khi bạn quyết định theo học ngành Công nghệ thông tin (IT) ha.</p></blockquote><p>Mình hiện là sinh viên năm cuối ngành IT, tuy chưa có nhiều năm kinh nghiệm thực tế nhưng những gì mình chia sẻ là những gì mình đã lĩnh hội được trong quá trình học tập và làm việc tại các công ty IT.</p><p>Hi vọng với những gì mình chia sẻ sẽ ngày hôm nay sẽ giúp các bạn phần nào hiểu rõ hơn về những áp lực khi quyết tâm theo học ngành học này (đặc biệt là các bạn học sinh đang nung nấu ý định thi vào các trường về IT). Ok bắt đầu thôi !</p><p><strong>Mục Lục Nội Dung</strong></p><ul><li><a href="https://blogchiasekienthuc.com/ky-nang/6-kho-khan-khi-theo-hoc-nganh-cntt.html#1-co-qua-nhieu-su-lua-chon">#1. Có quá nhiều sự lựa chọn</a></li><li><a href="https://blogchiasekienthuc.com/ky-nang/6-kho-khan-khi-theo-hoc-nganh-cntt.html#2-kien-thuc-cap-nhat-thuong-xuyen">#2. Kiến thức cập nhật thường xuyên.</a></li><li><a href="https://blogchiasekienthuc.com/ky-nang/6-kho-khan-khi-theo-hoc-nganh-cntt.html#3-tiep-xuc-nhieu-voi-may-tinh">#3. Tiếp xúc nhiều với máy tính</a></li><li><a href="https://blogchiasekienthuc.com/ky-nang/6-kho-khan-khi-theo-hoc-nganh-cntt.html#4-gap-cac-van-de-kho">#4. Gặp các vấn đề khó</a></li><li><a href="https://blogchiasekienthuc.com/ky-nang/6-kho-khan-khi-theo-hoc-nganh-cntt.html#5-ngay-cang-co-nhieu-nguoi-hoc">#5. Ngày càng có nhiều người học</a></li><li><a href="https://blogchiasekienthuc.com/ky-nang/6-kho-khan-khi-theo-hoc-nganh-cntt.html#6-doi-khi-phai-danh-doi">#6. Đôi khi phải đánh đổi</a></li><li><a href="https://blogchiasekienthuc.com/ky-nang/6-kho-khan-khi-theo-hoc-nganh-cntt.html#7-ket-luan">#7. Kết luận</a></li></ul><h3><strong>#1. Có quá nhiều sự lựa chọn</strong></h3><p>Có thể nhiều bạn còn chưa hiểu tại sao lại là “nhiều sự lựa chọn”. Thực ra công nghệ thông tin là một khái niệm rất rộng, nó bao hàm nhiều lĩnh vực nhỏ bên trong.</p><p>&nbsp;</p><figure class="image image-style-side"><img src="https://blogchiasekienthuc.com/wp-content/uploads/2020/11/6-kho-khan-co-the-ban-se-gap-khi-theo-hoc-nganh-cntt-1.jpeg" alt="6-kho-khan-co-the-ban-se-gap-khi-theo-hoc-nganh-cntt (1)"><figcaption>&nbsp;</figcaption></figure><p>Mình tin chắc phần đa các bạn khi đỗ vào các trường đại học vẫn chưa được định hướng rõ ràng sẽ đi theo mảng nào của ngành học này.</p><p>Mình đã có một bài viết nói về các lĩnh vực nhỏ trong ngành IT, các bạn có thể tham khảo <a href="https://blogchiasekienthuc.com/dan-cong-nghe/tim-hieu-ve-nganh-cong-nghe-thong-tin-1.html">tại đây</a> nhé !</p><p>Việc lựa chọn một hướng đi cụ thể sẽ là khó khăn ban đầu khi bạn học xong các chương trình cơ bản. Ví dụ bạn không biết phải đi theo hướng nghiên cứu hay thực hành, không biết nên đi theo các công nghệ mới (AI, Machine Learning…) hay các hướng cũ như lập trình web app, mobile app…</p><p>Vậy giải pháp là gì? Mình khuyên là đầu tiên các bạn nên giành thời gian tìm hiểu, sau đó nếu thấy hay thì cứ học hết đi. Nhưng đến một lúc (khoảng vào cuối năm 2 – đầu năm 3) hãy chọn cho mình một lĩnh vực bạn thích rồi đi sâu vào nó.</p><h3><strong>#2. Kiến thức cập nhật thường xuyên.</strong></h3><p>Không phải mình dọa các bạn đâu nhưng công nghệ trên thế giới thay đổi hàng tuần chứ không muốn nói là hàng giờ.</p><p><img src="https://blogchiasekienthuc.com/wp-content/uploads/2020/11/6-kho-khan-co-the-ban-se-gap-khi-theo-hoc-nganh-cntt-1.png" alt="6-kho-khan-co-the-ban-se-gap-khi-theo-hoc-nganh-cntt (1)"></p><p>Có thể khi bạn đang chật vật học công nghệ này, công nghệ kia thì ở đâu đó họ đã cho ra công nghệ mới “ngon” hơn rồi.</p><p>Nói vậy không có nghĩa là bạn bỏ cái cũ mà chạy theo cái mới. Chúng ta phải học có chọn lọc và thường thì khi công nghệ nào đó được sử dụng nhiều nó sẽ có vòng đời không quá ngắn.</p><p>Đủ để chúng ta học, tạo ra sản phẩm và cải thiện nó. Điều mà bạn nên chú tâm đó là theo dõi công nghệ bạn đang sử dụng cập nhật như thế nào.</p><p>Mình lấy ví dụ các bạn làm việc với ngôn ngữ lập trình Java, chắc không nhiều bạn biết rằng hiện tại Java hiện đã ra mắt phiên bản SE 15 vào tháng 9 năm 2020. Nhưng chúng ta vẫn cứ dùng Java 8 được phát hành từ tháng 3 năm 2014.</p><p>Đơn giản vì nhiêu đó tính năng của Java 8 đủ dùng rồi, các tính năng mới để cải thiện hiệu năng và dùng cho các mục đích đặc biệt.</p><p>Tóm lại việc cập nhật kiến thức công nghệ là không thể tránh khỏi nếu bạn theo học ngành IT này, nhưng hãy học và dùng công nghệ một cách chọn lọc nha các bạn.</p><p>&nbsp;</p><h3><strong>#3. Tiếp xúc nhiều với máy tính</strong></h3><p>Nhiều bạn nghe lại bảo rằng tiếp xúc nhiều với máy tính thì sao, làm sao nhiều bằng mấy ông chơi game được.</p><figure class="image image-style-side"><img src="https://blogchiasekienthuc.com/wp-content/uploads/2020/11/6-kho-khan-co-the-ban-se-gap-khi-theo-hoc-nganh-cntt-1.jpg" alt="6-kho-khan-co-the-ban-se-gap-khi-theo-hoc-nganh-cntt (1)"></figure><p>Đúng, cái này mình công nhận nhưng khoan hãy so sánh với bạn chơi game. Học IT dù là lĩnh vực gì bạn cũng phải giành thời gian để lập trình hoặc các công việc khác mà buộc phải có máy tính.</p><p>Dẫn đến thứ nhất là mắt bạn phải làm việc nhiều trước máy tính, về lâu về dài có thể gây ra các bệnh như cận thị (đặc biệt là khi dùng trong bóng tối) hoặc đơn giản là mỏi mắt, nhức đầu.</p><ul><li>Đề xuất: <a href="https://blogchiasekienthuc.com/phan-mem-mien-phi/bao-ve-mat-khi-su-dung-may-tinh.html">[F.lux]&nbsp;Phần mềm bảo vệ mắt&nbsp;khi dùng máy tính, chống mỏi&nbsp;mắt</a></li></ul><p>Hai nữa là khi làm việc nhiều với máy tính bạn còn đâu thời gian dành cho các việc khác, như là thể thao, yêu đương, vui chơi, học những kiến thức, kỹ năng mềm khác.</p><p>Đó mới chính là hệ lụy của việc tiếp xúc với máy tính. Nó khiến cho bạn thu nhỏ không gian sống, thu nhỏ sở thích cũng như thu nhỏ thế giới quan của các bạn.</p><p>Vì vậy hãy làm sao cân bằng khi học tập, làm việc và vui chơi để vừa đảm bảo công việc, sức khỏe cũng như các mối quan hệ khác.</p><h3><strong>#4. Gặp các vấn đề khó</strong></h3><p>Tôi nói đến đây chắc nhiều ông dev đọc được lại vỗ tay bảo “chuẩn luôn!”. Vì học IT mà không gặp vấn đề khó, không gặp bug thì như tấm chiếu chưa trải vậy.</p><figure class="image"><img src="https://blogchiasekienthuc.com/wp-content/uploads/2020/11/6-kho-khan-co-the-ban-se-gap-khi-theo-hoc-nganh-cntt-2.jpg" alt="6-kho-khan-co-the-ban-se-gap-khi-theo-hoc-nganh-cntt (2)" srcset="https://blogchiasekienthuc.com/wp-content/uploads/2020/11/6-kho-khan-co-the-ban-se-gap-khi-theo-hoc-nganh-cntt-2.jpg 400w, https://blogchiasekienthuc.com/wp-content/uploads/2020/11/6-kho-khan-co-the-ban-se-gap-khi-theo-hoc-nganh-cntt-2-110x75.jpg 110w" sizes="100vw" width="400"></figure><p>Đôi khi một lập trình viên giỏi được đánh giá dựa trên kinh nghiệm giải quyết vấn đề của anh ta.</p><p>Các bài toán khó khi học IT là không thể tránh khỏi. Đó có thể là một logic khó, có thể là một chức năng khó hoặc đôi khi chỉ đơn giản là một lỗi mà bạn chưa gặp bao giờ.</p><p>Gặp nhiều vấn đề khó mà không giải quyết được thì bạn sẽ mau nản và cảm thấy học công nghệ thông tin khó. Đây là tình trạng chung mà hầu như ai cũng từng trải qua.</p><p>Để khắc phục được điều này thì cách duy nhất đó là kiên trì rèn luyện, bạn cứ tưởng tượng số lượng vấn đề khó mà bạn giải quyết được tỉ lệ với kinh nghiệm của bạn mà cố gắng vượt qua thôi.</p><p>&nbsp;</p><h3><strong>#5. Ngày càng có nhiều người học</strong></h3><p>Đây là sự thật phũ phàng mà bạn phải nhận ra thật sớm để lao vào cuộc chiến này với tinh thần quyết liệt nhất.</p><figure class="image"><img src="https://blogchiasekienthuc.com/wp-content/uploads/2020/11/6-kho-khan-co-the-ban-se-gap-khi-theo-hoc-nganh-cntt-3.jpg" alt="6-kho-khan-co-the-ban-se-gap-khi-theo-hoc-nganh-cntt (3)"></figure><p>Nhiều bạn vẫn nghĩ học IT ra kiểu gì chả có việc. Nhưng không, các bạn nhầm to rồi, việc thì không thiếu nhưng không phải cứ tốt nghiệp là có việc TỐT đâu.</p><p>Giờ bạn không làm được việc thì ai dám thuê bạn về làm, rồi tiền đâu trả cho bạn. Nếu bạn không tự cố gắng, nâng cao chuyên môn thì ra trường cũng chỉ là một cậu học sinh già không hơn không kém.</p><p>Ngày càng có nhiều người học thì đồng nghĩa với việc nguồn nhân lực ngày càng nhiều. Nếu tính theo tỷ lệ, rõ ràng số người cạnh tranh với bạn cũng sẽ tăng lên.</p><p>Đây thực sự là áp lực nếu như bạn không sớm nhận ra trong những năm tháng còn ngồi trên ghế giảng đường.</p><p>Vì vậy hãy luôn trau dồi kiến thức, kỹ năng để mình có được sự ưu tiên cao hơn nha các bạn.</p><h3><strong>#6. Đôi khi phải đánh đổi</strong></h3><p>Ở đây mình dùng từ “đôi khi” vì không phải ai cũng đánh đổi và chấp nhận đánh đối.</p><figure class="image"><img src="https://blogchiasekienthuc.com/wp-content/uploads/2020/11/6-kho-khan-co-the-ban-se-gap-khi-theo-hoc-nganh-cntt-4.jpg" alt="6-kho-khan-co-the-ban-se-gap-khi-theo-hoc-nganh-cntt (4)"></figure><p>Thứ nhất là về sức khỏe, mình từng thức tới 3-4 giờ sáng để học và ôn thi rồi hôm sau thì mệt nhoài, người gầy gò ốm yếu.</p><p>Thứ hai là các mối quan hệ, thời gian giành cho mọi người xung sẽ giảm đi, đặc biệt là khi bạn tập trung vào công việc. Dẫn đến đôi khi bạn cảm giác mình bị trầm cảm, mặc cảm với thế giới rồi dần thu mình lại bên chiếc máy tính.</p><p>Và còn rất nhiều hệ lụy khác nữa, để khắc phục và không chấp nhận đánh đổi bạn phải luôn biết cân bằng giữa công việc, học tập và cuộc sống.</p><p>Điều này không phải dễ nhưng không phải là không làm được. Chỉ cần bạn lên kế hoạch và quyết tâm thực hiện rồi bạn cũng sẽ tạo ra các thói quen tốt thôi.</p><p>Đọc thêm:</p><ul><li><a href="https://blogchiasekienthuc.com/ky-nang/cach-giu-gin-suc-khoe-cho-sinh-vien.html">Sinh Viên IT: 5 điều cần làm để giữ gìn sức khỏe !</a></li><li><a href="https://blogchiasekienthuc.com/dan-cong-nghe/kinh-nghiem-chon-mua-laptop-danh-cho-sinh-vien-nganh-it.html">Kinh nghiệm chọn mua Laptop dành cho&nbsp;sinh viên&nbsp;ngành&nbsp;IT</a></li><li><a href="https://blogchiasekienthuc.com/ky-nang/sinh-vien-it-nen-lam-gi-de-tien-bo-hon.html">5 thói quen&nbsp;Sinh Viên IT&nbsp;nên thay đổi nếu muốn tiến bộ hơn</a></li></ul><h3><strong>#7. Kết luận</strong></h3><p>Vâng, trên đây là những khó khăn mà hầu hết những anh em theo học ngành IT sẽ phải đối mặt.</p><p>&nbsp;</p><p>Những gì mình chưa sẽ mình biết chưa phải là tất cả, song nó cũng là những khó khăn rõ ràng nhận thấy nhất mà bạn sẽ phải chấp nhận đối diện khi học IT.</p><blockquote><p>Ông nào đang trong nghề thì chia sẻ tiếp những khó khăn mà các ông đang gặp phải để anh em cùng thảo luận thêm nhé ◔◡◔</p></blockquote><p>Hi vọng các bạn sẽ vượt qua được hết và trở thành một kỹ sư công nghệ thông tin giỏi. Hẹn gặp các bạn trong bài viết tiếp theo nha.</p>', '2024-07-31', '1740649311410_blog-2.jpg', '', '6 khó khăn có thể bạn sẽ gặp khi theo học ngành CNTT sss', '2025-02-27 09:41:51.410000', 2, 12),
	(54, '<p>Phần thưởng cho Crystal Palace sau chiến thắng 3-0 đầy ấn tượng trước Liverpool ngay tại Anfield là chuyến hành quân đến sân Emirates của <a href="https://www.24h.com.vn/arsenal-c48e3424.html">Arsenal</a>, đội đang dẫn đầu Ngoại hạng Anh. Đáng chú ý, hai đội vừa gặp nhau ở vòng 9 Ngoại hạng Anh hôm 26/10, với chiến thắng sít sao&nbsp;1-0 dành cho “Pháo thủ”.</p><p>&nbsp;</p><figure class="image"><img src="https://cdn.24h.com.vn/upload/4-2025/images/2025-10-30/Boc-tham-tu-ket-League-Cup-Arsenal---Man-City-gap-kho-18-1761779694-133-width740height495.jpg" alt="Arsenal và Man City&amp;nbsp;là hai ứng viên nặng ký&amp;nbsp;cho danh hiệu League Cup mùa này"></figure><p>&nbsp;</p><p>&nbsp;</p><p><i>Arsenal và Man City&nbsp;là hai ứng viên nặng ký&nbsp;cho danh hiệu League Cup mùa này</i></p><p>Trong khi đó, Man City và đương kim vô địch Newcastle đều được thi đấu trên sân nhà, lần lượt tiếp đón Brentford và Fulham. Còn nhớ ở vòng 7 Ngoại hạng Anh hồi đầu tháng, “Bầy ong” đã gây ra rất nhiều khó khăn cho đoàn quân của HLV Pep Guardiola và chỉ chịu thất bại với tỷ số 1-0.</p><p>Trong khi đó, Cardiff City là đội bóng hạng dưới duy nhất góp mặt ở vòng 8 đội mạnh nhất League Cup mùa này. Theo kết quả bốc thăm, đại diện xứ Wales sẽ đối đầu Chelsea tại sân nhà Cardiff City.</p><figure class="table"><table><tbody><tr><td><p><strong>Kết quả bốc thăm vòng tứ kết League Cup</strong></p><p>Arsenal - Crystal Palace</p><p>Cardiff City - Chelsea</p><p>Man City - Brentford</p><p>Newcastle - Fulham</p><p><i>Tất cả các trận tứ kết Cúp Liên đoàn Anh sẽ diễn ra trong tuần bắt đầu từ ngày 16/12.</i></p></td></tr></tbody></table></figure><h3><strong>Vòng 4 hỗn loạn với mưa bàn thắng</strong></h3><p>Một đêm thi đấu đầy kịch tính ở vòng 4 League Cup khi tất cả các trận đều chứng kiến cơn mưa bàn thắng. Liverpool tiếp tục chuỗi thất vọng khi bị “khắc tinh” Crystal Palace vùi dập 3-0 ngay tại Anfield, qua đó cay đắng rời giải.</p><figure class="image"><img src="https://cdn.24h.com.vn/upload/4-2025/images/2025-10-30/Boc-tham-tu-ket-League-Cup-Arsenal---Man-City-coi-chung-Chelsea-gap-21-1761780018-624-width740height469.jpg" alt="Crystal Palace hoàn toàn lấn lướt trước đội hình trẻ của Liverpool ngay tại Anfield"></figure><p><i>Crystal Palace hoàn toàn lấn lướt trước đội hình trẻ của Liverpool ngay tại Anfield</i></p><p>Chelsea giành chiến thắng nghẹt thở trong trận cầu có 7 bàn thắng trên sân của Wolves. Jamie Gitten tưởng như đã định đoạt trận đấu với pha lập công ở phút 89, nâng tỷ số lên 4-2 sau khi Liam Delap bị truất quyền thi đấu. Tuy nhiên, bàn rút ngắn của David Moller Wolfe ở những phút cuối khiến “The Blues” phải căng mình bảo vệ thành quả đến hết trận.</p><p>Tại Emirates, Arsenal tránh được cú sốc khi vượt qua Brighton 2-0 nhờ các bàn thắng của Ethan Nwaneri và Bukayo Saka. Tương tự, Man City lội ngược dòng giành chiến thắng 3-1 trước Swansea dù sớm bị dẫn bàn trên đất Wales.</p><p>Đương kim vô địch Newcastle tiếp tục thể hiện phong độ ấn tượng khi đánh bại Tottenham 2-0, qua đó ghi tên mình vào tứ kết.</p><p>Năm đội bóng này gia nhập ba cái tên đã giành vé vào tứ kết từ loạt trận hôm 29/10. Ở đó, Brentford hủy diệt “hiện tượng” Grimsby Town (đội từng loại MU) với tỷ số 5-0, trong khi Fulham đánh bại Wycombe để đi tiếp.</p><p>Đáng chú ý, Cardiff City là đại diện duy nhất ngoài Ngoại hạng Anh còn trụ lại, sau khi thắng Wrexham 2-1 để tiếp tục cuộc phiêu lưu tại League Cup mùa này.</p>', '2025-02-27', '1761791077057_dynamic_protection_plus.jpg', '<p>Nước mắt của Messi, Di Maria và nhiều cầu thủ Argentina đã rơi ở trận chung kết Copa America 2024 giữa Argentina và Colombia.</p>', 'Bốc thăm tứ kết League Cup: Arsenal - Man City coi chừng, Chelsea gặp "hiện tượng"', '2025-10-30 02:25:15.406000', 2, 21),
	(56, '<h3><strong>Elon Musk gọi các công ty tư vấn là “khủng bố doanh nghiệp”</strong></h3><p>Phát biểu ở phần cuối buổi họp công bố lợi nhuận quý III, Elon Musk tỏ rõ sự bức xúc với hai tổ chức tư vấn cổ đông Glass Lewis và Institutional Shareholder Services (ISS). Cả hai đều khuyến nghị cổ đông Tesla nên phản đối gói lương “khổng lồ” trị giá 1.000 tỷ <a href="https://www.24h.com.vn/ty-gia-ngoai-te-ttcb-c426.html">USD</a> dành cho Musk.</p><p>Musk gọi các đề xuất của họ là “ngu xuẩn” và tuyên bố: “Những người đó là khủng bố doanh nghiệp”. Ông cho rằng các công ty này đang thao túng thị trường khi nhiều quỹ đầu tư thụ động thường bỏ phiếu theo khuyến nghị của họ, làm méo mó ý chí của cổ đông.</p><p>Theo Musk, những khuyến nghị trong quá khứ của hai công ty này từng gây hại nghiêm trọng cho tương lai Tesla, nếu được thực hiện&nbsp;và nay họ lại tiếp tục cản trở sự phát triển của hãng xe điện.</p><p>Gói lương mới của Elon Musk có thể đạt 1.000 tỷ USD trong vòng 10 năm, nếu Tesla đạt đủ các mục tiêu tài chính và vốn hóa thị trường được đặt ra.</p><p>Trước đó, gói thưởng 56 tỷ USD từng được cổ đông Tesla phê duyệt năm ngoái nhưng bị tòa án bang Delaware chặn lại, do lo ngại ban lãnh đạo Tesla thiếu độc lập và cổ đông không được cung cấp đủ thông tin.</p><p>Thẩm phán Kathaleen McCormick hai lần bác bỏ gói thưởng, dù cổ đông Tesla tiếp tục thông qua lại vào tháng 6/2024. Vụ kiện vẫn đang tiếp diễn, trong khi các luật sư của Tesla nỗ lực yêu cầu phục hồi kế hoạch thưởng này.</p><p>Nguồn tin từ nội bộ Tesla cho biết, Elon Musk từng đe dọa rời bỏ Tesla nếu không được đảm bảo 25% quyền biểu quyết hoặc gói thưởng tương xứng. Ông cho rằng việc duy trì động lực tài chính là cần thiết để đảm bảo tầm nhìn dài hạn cho Tesla, đặc biệt trong lĩnh vực trí tuệ nhân tạo và robot.</p><p>Các chuyên gia nhận định, dù Musk là người giàu nhất hành tinh với tài sản ròng khoảng 487,5 tỷ USD (theo Forbes), ông vẫn muốn duy trì tầm ảnh hưởng tuyệt đối tại Tesla. Bởi với ông, Tesla không chỉ là công ty xe điện, mà còn là nền tảng để phát triển AI và công nghệ tự động hóa tương lai.</p>', '2025-10-30', '1761790720042_Elon-Musk1000-ty-USD.jpeg', '<p><strong>Trong cuộc họp công bố kết quả kinh doanh quý III của Tesla, Elon Musk đã có phát ngôn gây sốc khi chỉ trích hai công ty tư vấn cổ đông hàng đầu là “khủng bố doanh nghiệp”</strong></p>', 'Cơn thịnh nộ của Elon Musk và “cuộc chiến” 1.000 tỷ USD', '2025-10-30 02:21:54.010000', 2, 11),
	(57, '<h3><strong>Ghi nhận lượng mưa lớn nhất từ trước đến nay ở Việt Nam</strong></h3><p>Báo cáo sáng 29/10, Cục Khí tượng Thủy văn (Bộ Nông nghiệp và Môi trường) cho biết từ ngày 22 đến 28/10 miền Trung mưa lớn do chịu tác động tổ hợp thiên tai gồm: Không khí lạnh tăng cường, vùng áp thấp ven bờ Huế - Đà Nẵng suy yếu từ bão Fengshen, dải hội tụ nhiệt đới nâng trục từ phía nam lên, nhiễu động trong đới gió đông kết hợp với địa hình chắn gió.</p><p>Tổng lượng mưa từ ngày 22/10 đến 29/10 tại Hà Tĩnh, Quảng Trị và Quảng Ngãi phổ biến 200-450 mm; Huế 450-900 mm; Đà Nẵng 300-600 mm. Mưa dồn dập từ tối 25/10 đến 7h hôm nay, tại đỉnh Bạch Mã (Huế) 3.393 mm, La Tó (Quảng Trị) 1.019 mm, Phước Thành (Đà Nẵng) 1.199 mm, Trà Thanh (Quảng Ngãi) 1.457 mm.</p><p>&nbsp;</p><figure class="image"><img src="https://cdn.24h.com.vn/upload/4-2025/images/2025-10-30/1761795023-mua-lon-ky-luc-o-hue-0412-width640height427.jpg" alt="Nguyên nhân khiến lượng mưa 1 ngày ở Huế bằng lượng mưa 1 năm trên cả nước - 1"></figure><p>&nbsp;</p><p><i>Mưa lũ lịch sử ở Huế trong 1 ngày bằng lượng mưa cả năm trên cả nước.</i></p><p>Đỉnh Bạch Mã ghi nhận lượng mưa một ngày (từ 19h ngày 26 đến 19h ngày 27/10) là 1.739 mm, gần bằng lượng mưa trung bình năm trên toàn lãnh thổ Việt Nam (1.400-2.400 mm). Dẫn thống kê của Tổ chức Khí tượng thế giới, Cục Khí tượng Thủy văn cho biết lượng mưa này lớn nhất từ trước đến nay ở Việt Nam và lớn thứ hai thế giới, chỉ sau lượng mưa 1.825 mm ở một trạm quan trắc của Pháp tại Ấn Độ Dương vào tháng 1/1966.</p><p>Trước đó Trung tâm Dự báo Khí tượng Thủy văn quốc gia dự báo miền Trung mưa lớn từ ngày 22 đến 27/10, chia làm hai đợt. Đợt một từ đêm 22 đến ngày 24/10 do ảnh hưởng của hoàn lưu bão, không khí lạnh và gió đông. Quảng Trị - Đà Nẵng mưa 400-600 mm, cục bộ trên 800 mm. Khu vực Hà Tĩnh, Quảng Ngãi mưa 100-250 mm, cục bộ trên 400 mm.</p><p>Đợt mưa thứ hai từ ngày 25 đến 27/10 do ảnh hưởng của không khí lạnh kết hợp gió đông. Tâm mưa là Quảng Trị, Huế với lượng 200-300 mm, cục bộ trên 500 mm. Hà Tĩnh, Đà Nẵng, Quảng Ngãi mưa 100-200 mm, có nơi trên 300 mm. Tổng lượng mưa của hai đợt ở Đà Nẵng, Huế có thể lên trên 900 mm.</p><p>Ông Mai Văn Khiêm, Giám đốc Trung tâm Dự báo Khí tượng thủy văn quốc gia nhận định, nguyên nhân của đợt mưa đặc biệt lớn này là do tổ hợp không khí lạnh tầng thấp, dải hội tụ nhiệt đới nâng trục từ phía Nam lên, kết hợp với gió Đông ẩm mạnh ở độ cao 1.500-5.000m. Đây là hình thế điển hình gây mưa lớn kéo dài ở miền Trung.</p><p>"Ngoài nguy cơ về ngập lụt ở Tp.Huế và Đà Nẵng, chúng tôi muốn nhấn mạnh đến nguy cơ lũ quét, sạt lở đất ở mức rất cao đối với toàn bộ các khu vực vùng núi phía Tây của Trung Bộ, với mức độ cảnh báo rủi ro thiên tai cấp 3 - cấp cao nhất đối với lũ quét và sạt lở đất", ông Khiêm nói.</p><p>Theo TS. Trương Bá Kiên, Phó giám đốc Trung tâm Nghiên cứu Khí tượng - Khí hậu (Viện Khoa học Khí tượng Thủy văn và Biến đổi khí hậu - Bộ Nông nghiệp và Môi trường), đợt mưa cực lớn vừa qua ở miền Trung (trọng tâm là từ Huế - Đà Nẵng) là do sự hội tụ đồng thời của bốn hình thái thời tiết chính: Không khí lạnh liên tục tăng cường từ phía Bắc, dải hội tụ nhiệt đới vắt ngang khu vực này và trên vùng áp thấp ngoài khơi miền Trung, nhiễu động trong đới gió Đông từ mực thấp lên cao và yếu tố địa hình (địa hình đón gió của dãy Trường Sơn và các sườn núi ven biển).</p><p>Khi các yếu tố này cùng xuất hiện và tương tác mạnh mẽ trong cùng thời điểm, lượng hơi ẩm từ biển được "đẩy " vào và gặp yếu tố địa hình ngưng tụ gây mưa kéo dài và cường độ cực lớn.</p><p>Đặc biệt, lần này, sự kết hợp của bốn yếu tố trên diễn ra trong bối cảnh biến đổi khí hậu toàn cầu đang gia tăng, khiến nhiệt độ không khí và khả năng trữ ẩm của không khí cao hơn trước kia.</p><p>"Có thể nói rằng, cùng với tác động tiêu cực của biến đổi khí hậu đã "kích hoạt" tổ hợp mưa bất lợi chưa từng có, làm phá vỡ mọi kỷ lục mưa trước đây tại khu vực miền Trung. Đợt mưa vừa qua đã ghi nhận lượng gần 1.740 mm trong 24 giờ tại Bạch Mã (Huế). Số liệu này vượt xa mọi số liệu từng được quan trắc tại Việt Nam.</p><p>Mức cao nhất trước đây được ghi nhận trong đợt lũ lịch sử năm 1999 là 997 mm/ngày. Nếu được Việt Nam chính thức báo cáo và xác nhận với Tổ chức Khí tượng Thế giới (WMO), đây có thể trở thành kỷ lục mưa ngày không do bão lớn nhất thế giới. Hiện kỷ lục mưa 24 giờ toàn cầu thuộc về đảo Réunion (Pháp, 1966) với lượng mưa 1.825 mm do bão nhiệt đới Denise gây ra," Tiến sỹ Trương Bá Kiên nhấn mạnh.</p><h3><strong>Xu thế cực đoan hóa khí hậu ngày càng rõ nét</strong></h3><p>TS Trương Bá Kiên cho hay, đây không chỉ là kỷ lục quốc gia, mà đứng thứ hai thế giới về lượng mưa 24 giờ. Đáng chú ý, lượng mưa này không phải do bão gây ra, mà chủ yếu đến từ hội tụ khí quyển quy mô lớn và tương tác địa hình.</p><p>Lượng mưa 1.740 mm/ngày ở Huế là minh chứng cụ thể cho xu thế cực đoan hóa khí hậu. Dưới tác động của biến đổi khí hậu, không chỉ các cơn bão mạnh hơn mà ngay cả những hình thế không phải bão cũng có thể gây ra lượng mưa kỷ lục</p><p>Cùng với đó, khi hành tinh ấm lên (tăng 1 độ C cho phép khí quyển chứa thêm khoảng 7% hơi nước), dẫn đến sự gia tăng năng lượng ẩn trong khí quyển. Kết quả là các hệ thống mưa và bão trở nên mạnh hơn, cường độ mưa cực đoan cũng tăng lên rõ rệt.</p><p>Thông tin về tổng lượng mưa trong tháng 11-12, Giám đốc Mai Văn Khiêm cho rằng, trong tháng 11, ở hầu khắp các khu vực trên cả nước phổ biến cao hơn so với trung bình nhiều năm từ 10-30%, có nơi cao hơn; riêng khu vực Bắc Bộ ở mức xấp xỉ trung bình nhiều năm, ngoại trừ khu vực vùng núi phía Bắc có xu hướng thiếu hụt khoảng 10-20% so với trung bình nhiều năm cùng thời kỳ.</p><p>Tháng 12, tổng lượng mưa tại các tỉnh từ Quảng Trị đến Đà Nẵng và phía Đông khu vực từ Quảng Ngãi đến Đắk Lắk phổ biến từ 250 tới 580 mm, ở mức cao hơn từ 50 tới 150 mm so với trung bình nhiều năm.</p><p>Khu vực Bắc Bộ và các tỉnh Thanh Hóa - Hà Tĩnh phổ biến từ 15 tới 40 mm, riêng Hà Tĩnh tổng lượng mưa phổ biến 80-150 mm, thiếu hụt 5-10 mm so với trung bình nhiều năm cùng thời kỳ. Các khu vực khác tổng lượng mưa phổ biến 40-80 mm, cao hơn 10-40 mm so với trung bình nhiều năm cùng thời kỳ.</p><p>Về xu thế mưa của những tháng đầu năm 2026, từ tháng 2, tổng lượng mưa ở khu vực Bắc Bộ phổ biến 20-40 mm, có nơi cao hơn; tháng 3, tổng lượng mưa phổ biến 40-70 mm. TLM tháng 4/2026 phổ biến 50-100 mm, riêng khu vực Tây Bắc có nơi trên 110 mm.</p><p>Tháng 2, tổng lượng mưa từ Thanh Hóa đến Huế phổ biến 20-50 mm; khu vực duyên hải Nam Trung Bộ, tổng lượng mưa phổ biến 50-120 mm. Tháng 3, phổ biến 30-70 mm, có nơi cao hơn. Tháng 4, phổ biến 50-150 mm.</p><p>Khu vực cao nguyên Trung Bộ phổ biến ít mưa, tổng lượng mưa phổ biến dưới 10 mm. Khu vực Nam Bộ tổng lượng mưa phổ biến 10-30 mm, có nơi cao hơn. Tháng 3, phổ biến 30-70 mm. Tháng 4, phổ biến 50-150 mm.</p><p>Từ khoảng cuối tháng 2 đến tháng 3, khu vực Bắc Bộ có khả năng xuất hiện mưa nhỏ, mưa phùn. Từ tháng 2-3, còn có khả năng xảy ra một số đợt mưa rào và dông tại khu vực Trung Bộ. Đề phòng trong mưa dông có khả năng xảy ra các hiện tượng thời tiết nguy hiểm như dông, lốc, sét và gió giật mạnh. Trong các tháng đầu năm 2026, tại khu vực Nam Bộ có khả năng xuất hiện các đợt mưa trái mùa.</p>', '2025-10-30', '1761804995642_Hue2025.jpg', '<p><strong>Đỉnh Bạch Mã (TP Huế) ghi nhận lượng mưa một ngày (từ 19h ngày 26 đến 19h ngày 27/10) là 1.739 mm, gần bằng lượng mưa trung bình năm trên toàn lãnh thổ Việt Nam (1.400-2.400 mm).</strong></p>', 'Nguyên nhân khiến lượng mưa 1 ngày ở Huế bằng lượng mưa 1 năm trên cả nước', '2025-10-30 06:37:20.563000', 2, 4),
	(58, '<h4><strong>Hai bên đang tiến tới những nội dung nào trong thỏa thuận?</strong></h4><p>Theo các nguồn tin từ Washington, gói thỏa thuận tiềm năng giữa Mỹ và Trung Quốc có thể bao gồm nhiều yếu tố đáng chú ý:</p><p>Giảm thuế quan “kỷ lục” mà chính quyền Trump từng áp lên hàng Trung Quốc, đồng thời hủy bỏ kế hoạch áp thêm 100% thuế từ ngày 1/11.</p><p>Nới lỏng các hạn chế xuất khẩu và phí thương mại, trong đó có khả năng Trung Quốc sẽ tạm hoãn quy định cấp phép cho hàng hóa chứa nguyên liệu đất hiếm.</p><p>Cam kết của Trung Quốc mua thêm đậu tương Mỹ, một mặt hàng nông sản trọng yếu trong cán cân thương mại giữa hai nước.</p><p>Phê chuẩn thương vụ bán mảng hoạt động của TikTok tại Mỹ, vốn bị đình trệ suốt nhiều tháng qua.</p><p>Đồng ý cho phép chip Blackwell của Nvidia xuất khẩu sang Trung Quốc.</p><p>Nếu được ký kết, đây sẽ là cột mốc quan trọng trong quan hệ Mỹ - Trung, đánh dấu bước giảm nhiệt sau thời gian dài căng thẳng leo thang kể từ khi ông Trump trở lại Nhà Trắng.</p><p>&nbsp;</p><figure class="image"><img src="https://cdn.24h.com.vn/upload/4-2025/images/2025-10-30/ong-Trump-tuyen-bo-da-dat-duoc-nhieu-dieu-sau-cuoc-gap-voi-Chu-tich-Tap-Can-Binh-tong-thong-trump-ca-ngoi-su-chuyen-minh-cua-han-qu-1761795072-963-width1200height800.jpg" alt="Ông Trump tuyên bố “đã đạt được nhiều điều” sau cuộc gặp với Chủ tịch Tập Cận Bình - 1"></figure><p>&nbsp;</p><p>&nbsp;</p><h3><strong>Căng thẳng thương mại của Mỹ không chỉ dừng ở Trung Quốc?</strong></h3><p>Song song với đàm phán với Bắc Kinh, Tổng thống Trump cũng tăng tốc các thương lượng thương mại toàn cầu. Nhà Trắng thông báo Mỹ và Hàn Quốc đã đạt được thỏa thuận khung sau nhiều tháng đàm phán, trong khi Nhật Bản và Mỹ ký các hiệp định liên quan tới thương mại và đất hiếm.</p><p>Tuy nhiên, căng thẳng với Canada lại bùng phát sau khi một quảng cáo liên quan cố Tổng thống Ronald Reagan khiến hai bên “lời qua tiếng lại”. Ông Trump đáp trả bằng lời đe dọa tăng thêm 10% thuế nhập khẩu với hàng Canada và tuyên bố ngừng mọi đàm phán với Ottawa.</p><p>Ở một hướng khác, Thượng viện Mỹ vừa thông qua dự luật chấm dứt mức thuế 50% mà ông Trump áp lên Brazil, cho thấy sự phản đối hiếm hoi từ chính nội bộ đảng Cộng hòa. Ngoài ra, Mỹ và Ấn Độ cũng đang tiến gần một thỏa thuận thương mại có thể giảm thuế nhập khẩu của New Delhi từ 50% xuống chỉ còn 15–16%.</p><h3><strong>Những rủi ro pháp lý nào đang đe dọa chính sách thuế của ông Trump?</strong></h3><p>Đầu tháng 11 tới, Tòa án Tối cao Mỹ sẽ xem xét tính hợp pháp của các mức thuế “có đi có lại” mà ông Trump áp dụng cho từng quốc gia. Nếu tòa phán quyết chống lại chính sách này -&nbsp;như các tòa cấp thấp đã từng làm -&nbsp;điều đó có thể giáng đòn mạnh vào chiến lược thương mại cứng rắn của ông Trump, khiến toàn bộ chính sách thuế quan cần được xem xét lại từ đầu.</p><p>Dù vậy, Nhà Trắng vẫn thể hiện sự tự tin, khẳng định các biện pháp thuế “đã buộc nhiều đối tác phải ngồi lại bàn đàm phán” và giúp Mỹ đạt được nhiều lợi ích kinh tế.</p><h3><strong>Trung Quốc muốn gì trong thỏa thuận mới?</strong></h3><p>Trong khi Mỹ công bố nhiều chi tiết của “khung thỏa thuận”, phía Bắc Kinh vẫn giữ im lặng về những điều họ mong muốn. Nhiều nhà quan sát cho rằng, nếu Trung Quốc thực sự nhượng bộ trong các lĩnh vực như đất hiếm và nông sản, họ chắc chắn sẽ yêu cầu những điều kiện trao đổi tương xứng.</p><p>Theo Bộ trưởng Tài chính Mỹ Scott Bessent, Bắc Kinh có thể hoãn kế hoạch siết xuất khẩu đất hiếm trong vòng một năm, đổi lại sự ổn định về thương mại và đầu tư.</p><p>Luật sư thương mại Ted Murphy nhận định: “Trung Quốc sẽ mặc cả rất chặt. Họ hiếm khi ra quyết định mà không nhận lại được điều gì. Chúng ta hãy chờ xem.”</p><p>Giới phân tích cho rằng, thỏa thuận Mỹ - Trung có thể được thúc đẩy nếu Washington cam kết giảm mạnh thuế quan và hoàn tất thương vụ TikTok, trong khi Bắc Kinh tăng mua hàng nông sản Mỹ và kiểm soát chặt nguồn fentanyl xuất khẩu,&nbsp;loại ma túy tổng hợp đang gây khủng hoảng nghiện ở Mỹ.</p><p>Bên cạnh đó, việc giảm phí vận tải hàng hải và kiểm soát việc Trung Quốc mua dầu Nga cũng nằm trong số các nội dung có thể đàm phán. Dù vậy, chưa có cam kết cụ thể nào được công bố và thị trường vẫn đang chờ đợi cuộc gặp trực tiếp giữa ông Trump và ông Tập Cận Bình để xác nhận bước tiến thực sự.</p>', '2025-10-30', '1761805228413_ong-Trump-tuyen-bo-da.jpg', '<p><strong>Sau nhiều tháng căng thẳng, Washington và Bắc Kinh đang tiến gần một thỏa thuận thương mại mới. Tổng thống Donald Trump khẳng định Mỹ và Trung Quốc “đã đồng ý về rất nhiều điều”, trong khi các tín hiệu từ cả hai phía cho thấy hàng loạt nhượng bộ có thể sớm thành hiện thực, từ việc giảm thuế, nới lỏng kiểm soát xuất khẩu cho tới thương vụ TikTok.</strong></p>', 'Ông Trump tuyên bố “đã đạt được nhiều điều” sau cuộc gặp với Chủ tịch Tập Cận Bình', '2025-10-30 06:40:52.166000', 2, 18);

-- Dumping structure for table portaljob.blogtag
CREATE TABLE IF NOT EXISTS `blogtag` (
  `id` int NOT NULL AUTO_INCREMENT,
  `name` varchar(500) CHARACTER SET utf8mb3 COLLATE utf8mb3_unicode_ci DEFAULT NULL,
  `blog_id` int DEFAULT NULL,
  PRIMARY KEY (`id`),
  KEY `FK8lac7cphnc38r6qummdyme0y2` (`blog_id`),
  CONSTRAINT `FK8lac7cphnc38r6qummdyme0y2` FOREIGN KEY (`blog_id`) REFERENCES `blog` (`id`)
) ENGINE=InnoDB AUTO_INCREMENT=11 DEFAULT CHARSET=utf8mb3 COLLATE=utf8mb3_unicode_ci;

-- Dumping data for table portaljob.blogtag: ~8 rows (approximately)
DELETE FROM `blogtag`;
INSERT INTO `blogtag` (`id`, `name`, `blog_id`) VALUES
	(1, 'Thể thao', NULL),
	(2, 'Công nghệ', NULL),
	(3, 'Kinh doanh', NULL),
	(4, 'Bóng đá', NULL),
	(7, 'Tài chính', NULL),
	(8, 'Chính t rị', NULL),
	(9, 'KHoa học', NULL),
	(10, 'Bóng chuyền', NULL);

-- Dumping structure for table portaljob.blog_tag_link
CREATE TABLE IF NOT EXISTS `blog_tag_link` (
  `blog_id` int NOT NULL,
  `tag_id` int NOT NULL,
  KEY `FK7tchwremwnshpoycs8v14eqkp` (`tag_id`),
  KEY `FKg44wykdc5uls6f9wkjywdseg6` (`blog_id`),
  CONSTRAINT `FK7tchwremwnshpoycs8v14eqkp` FOREIGN KEY (`tag_id`) REFERENCES `blogtag` (`id`),
  CONSTRAINT `FKg44wykdc5uls6f9wkjywdseg6` FOREIGN KEY (`blog_id`) REFERENCES `blog` (`id`)
) ENGINE=InnoDB DEFAULT CHARSET=latin1;

-- Dumping data for table portaljob.blog_tag_link: ~0 rows (approximately)
DELETE FROM `blog_tag_link`;

-- Dumping structure for table portaljob.categories
CREATE TABLE IF NOT EXISTS `categories` (
  `id` int NOT NULL AUTO_INCREMENT,
  `category_name` varchar(255) CHARACTER SET utf8mb3 COLLATE utf8mb3_unicode_ci DEFAULT NULL,
  `category_status` bit(1) DEFAULT NULL,
  PRIMARY KEY (`id`)
) ENGINE=InnoDB AUTO_INCREMENT=10 DEFAULT CHARSET=utf8mb3 COLLATE=utf8mb3_unicode_ci;

-- Dumping data for table portaljob.categories: ~7 rows (approximately)
DELETE FROM `categories`;
INSERT INTO `categories` (`id`, `category_name`, `category_status`) VALUES
	(1, 'Cẩm nang nghề nghiệp', b'1'),
	(2, 'Kỹ năng phỏng vấn', b'1'),
	(3, 'Euro 2024f', b'0'),
	(4, 'Đặc điểm ngành nghề', b'1'),
	(6, 'Văn hóa doanh nghiệp', b'1'),
	(7, 'Giới thiệu', b'0'),
	(9, 'Tin tuyển dụng', b'0');

-- Dumping structure for table portaljob.comment
CREATE TABLE IF NOT EXISTS `comment` (
  `id` int NOT NULL AUTO_INCREMENT,
  `create_at` datetime(6) DEFAULT NULL,
  `email` varchar(255) CHARACTER SET latin1 COLLATE latin1_swedish_ci DEFAULT NULL,
  `name` varchar(500) CHARACTER SET utf8mb3 COLLATE utf8mb3_unicode_ci DEFAULT NULL,
  `update_at` datetime(6) DEFAULT NULL,
  `blog_id` int DEFAULT NULL,
  `status` bit(1) DEFAULT NULL,
  `content` varchar(1024) CHARACTER SET utf8mb3 COLLATE utf8mb3_unicode_ci DEFAULT NULL,
  PRIMARY KEY (`id`),
  KEY `FKkap39f76wn135k7ru564fbjb7` (`blog_id`),
  CONSTRAINT `FKkap39f76wn135k7ru564fbjb7` FOREIGN KEY (`blog_id`) REFERENCES `blog` (`id`)
) ENGINE=InnoDB AUTO_INCREMENT=67 DEFAULT CHARSET=utf8mb3 COLLATE=utf8mb3_unicode_ci;

-- Dumping data for table portaljob.comment: ~0 rows (approximately)
DELETE FROM `comment`;

-- Dumping structure for table portaljob.contactus
CREATE TABLE IF NOT EXISTS `contactus` (
  `id` int NOT NULL AUTO_INCREMENT,
  `create_at` datetime(6) DEFAULT NULL,
  `email` varchar(255) DEFAULT NULL,
  `message` varchar(255) DEFAULT NULL,
  `name` varchar(255) DEFAULT NULL,
  `reply_at` datetime(6) DEFAULT NULL,
  `reply_content` varchar(255) DEFAULT NULL,
  `status` bit(1) DEFAULT NULL,
  `title` varchar(255) DEFAULT NULL,
  PRIMARY KEY (`id`)
) ENGINE=InnoDB DEFAULT CHARSET=latin1;

-- Dumping data for table portaljob.contactus: ~0 rows (approximately)
DELETE FROM `contactus`;

-- Dumping structure for table portaljob.enterprise
CREATE TABLE IF NOT EXISTS `enterprise` (
  `id` bigint NOT NULL AUTO_INCREMENT,
  `address` varchar(255) CHARACTER SET utf8mb3 COLLATE utf8mb3_unicode_ci DEFAULT NULL,
  `approved_at` datetime(6) DEFAULT NULL,
  `banner_name` varchar(255) CHARACTER SET utf8mb3 COLLATE utf8mb3_unicode_ci DEFAULT NULL,
  `create_at` date DEFAULT NULL,
  `follow_count` int DEFAULT NULL,
  `introduction` longtext CHARACTER SET utf8mb3 COLLATE utf8mb3_unicode_ci,
  `like_count` int DEFAULT NULL,
  `logo_name` varchar(255) CHARACTER SET utf8mb3 COLLATE utf8mb3_unicode_ci DEFAULT NULL,
  `name` varchar(255) CHARACTER SET utf8mb3 COLLATE utf8mb3_unicode_ci DEFAULT NULL,
  `number_of_employee` varchar(255) CHARACTER SET utf8mb3 COLLATE utf8mb3_unicode_ci DEFAULT NULL,
  `update_at` datetime(6) DEFAULT NULL,
  `website` varchar(255) CHARACTER SET utf8mb3 COLLATE utf8mb3_unicode_ci DEFAULT NULL,
  `industrial_type` int DEFAULT NULL,
  `default_logo` bit(1) DEFAULT NULL,
  `user_id` bigint DEFAULT NULL,
  PRIMARY KEY (`id`),
  KEY `FK1llkdxtkphpwqnkbekcddq442` (`industrial_type`),
  KEY `FKrw4aham1dej7vf16sv9vye0r7` (`user_id`),
  CONSTRAINT `FK1llkdxtkphpwqnkbekcddq442` FOREIGN KEY (`industrial_type`) REFERENCES `industrial_type` (`id`),
  CONSTRAINT `FKrw4aham1dej7vf16sv9vye0r7` FOREIGN KEY (`user_id`) REFERENCES `users` (`id`)
) ENGINE=InnoDB AUTO_INCREMENT=25 DEFAULT CHARSET=utf8mb3 COLLATE=utf8mb3_unicode_ci;

-- Dumping data for table portaljob.enterprise: ~17 rows (approximately)
DELETE FROM `enterprise`;
INSERT INTO `enterprise` (`id`, `address`, `approved_at`, `banner_name`, `create_at`, `follow_count`, `introduction`, `like_count`, `logo_name`, `name`, `number_of_employee`, `update_at`, `website`, `industrial_type`, `default_logo`, `user_id`) VALUES
	(3, 'Cầu Giấy, Hà Nội', NULL, NULL, '2024-12-10', NULL, '<p>hành lập từ năm 1999 dưới hình thức Công ty TNHH Biển Bạc, do nhu cầu phát triển và điều kiện thực tế, năm 2005 Công ty CP Biển Bạc được thành lập và thừa hưởng tất cả mọi quyền lợi và nghĩa vụ của Công ty TNHH Biển Bạc. Trải qua quá trình hình thành và phát triển, đến nay Biển Bạc là một trong những công ty hàng đầu trong lĩnh vực cung cấp thiết bị an ninh giám sát tại Việt Nam, đã được cấp chứng chỉ ISO 9001:2008 từ năm 2007 đến nay và đã đạt rất nhiều giải thưởng của các ban ngành, tổ chức trong và ngoài nước. Bằng kinh nghiệm và năng lực của mình, chúng tôi mong muốn sẽ mang lại cho Quý khách hàng những phương tiện, biện pháp quản lý, bảo vệ và điều hành hoạt động sản xuất kinh doanh, giúp Quý khách hàng có khả năng:“Tất cả trong tầm tay – Mọi sự trong tầm mắt”</p>', NULL, '1734331545003_5426952.png', 'Công Ty Cổ Phần Biển Bạc', '45', '2025-02-10 06:38:25.747000', 'tgg.com', 5, b'1', NULL),
	(4, ' Tòa nhà PV Gas, 673 Nguyễn Hữu Thọ, Phước Kiển, TP Hồ Chí Minh', NULL, '1733812188258_22-495-171.jpg', '2024-12-10', NULL, '', NULL, '1733812188258_68686.png', 'Công Ty TNHH Một Thành Viên Cơ Khí Hà Nội', '666', '2025-01-20 09:19:23.361000', 'abc.com', 5, b'0', NULL),
	(6, 'Phòng 2904, tháp A, chung cư thăng long Number one, 289 Khuất Duy Tiến, Trung Hòa, Cầu Giấy, HN', NULL, NULL, '2024-12-10', NULL, 'Công ty cổ phần hóa chất xây dựng Bách Khoa – Tiền thân là Công ty TNHH xây dựng và phát triển vật liệu mới Việt Khoa, được thành lập từ năm 2007, chuyên thi công trọn gói (cung cấp vật tư và nhân công thi công) hạng mục chống thấm, sơn sàn epoxy, chống thấm gốc Polyurethane, chống thấm màng cao phân tử cho nhà xưởng, nhà công nghiệp, TTTM, các khu công nghiệp, các dự án…..Trải qua những năm tháng xây dựng và phát triển được hợp tác với nhiều dự án trọng điểm như: Trụ sở Bộ công an, Trụ sở Bộ công thương, Trụ sở Tổng cục Hải Quan, Tập đoàn Vingroup và Taisei Nhật (nhà ga T2 Nội Bài)…đến nay Bách Khoa trở thành một trong những đơn vị có uy tín hàng đầu trong lĩnh vực chống thấm và sơn sàn epoxy.', NULL, '1734331883339_1576566561.png', 'Công Ty CP Hóa Chất Xây Dựng Bách Khoa', '10 - 150 people', '2024-12-16 06:51:23.339000', '', 6, NULL, NULL),
	(7, 'P602 Hồ Gươm Plaza, 102 Đ. Trần Phú, P. Mộ Lao, Q. Hà Đông, TP Hà Nội.', NULL, NULL, '2024-12-10', NULL, '* Tên công ty: Công ty cổ phần tư vấn đầu tư xây dựng Điện & Hạ tầng kỹ thuật\r\n* Quy mô công ty: 70 cán bộ, kỹ sư, cử nhân.\r\n* Lĩnh vực hoạt động:\r\nHoạt động trong các lĩnh vực xây dựng khảo sát, thiết kế, giám sát, thi công các công trình dân dụng, công nghiệp và hạ tầng kỹ thuật, công trình điện lực trên phạm vi toàn quốc từ vùng đô thị, đồng bằng, miền núi, biên giới, hải đảo.\r\n* Số năm hoạt động: Trên 10 năm.', NULL, '1735658718383_logo_173034676511.jpg', 'Công Ty Cổ Phần Tư Vấn Đầu Tư Xây Dựng Điện & Hạ Tầng Kỹ Thuật', '10 - 150 people', '2024-12-31 15:25:18.383000', '', 7, NULL, NULL),
	(8, 'VP1 - 85D6 - Khu ĐTM Đại Kim, P.Đại Kim, Q.Hoàng Mai, TP. Hà Nội', NULL, '1733800384098_22-495-171.jpg', '2024-12-10', NULL, 'VP1 - 85D6 - Khu ĐTM Đại Kim, P.Đại Kim, Q.Hoàng Mai, TP. Hà Nội', NULL, '1734332010387_1521693838_TS.jpg', 'Công ty CP đá Granite & Marble Tự Nhiên Thiên Sơn', '444', '2024-12-16 06:53:30.387000', 'tgg.comd', 3, NULL, NULL),
	(9, '103A-105-107 Nguyễn Thông, Phường 09, Quận 3, Thành phố Hồ Chí Minh', NULL, '1733803773439_Bruno.jpg', '2024-12-10', NULL, 'Giới thiệu công ty\r\nCông ty Cổ phần BraveSoft Việt Nam chuyên cung cấp dịch vụ phát triển phần mềm offshore, tập trung vào việc cung cấp giải pháp công nghệ tiên tiến cho khách hàng. Với phương châm "Cùng làm việc, cùng vui chơi", BraveSoft cam kết mang đến những sản phẩm và dịch vụ chất lượng cao, phù hợp với nhu cầu của thị trường. Công ty thực hiện phát triển hệ thống web và ứng dụng di động cho cả hệ điều hành iOS và Android, giúp khách hàng tối ưu hóa hoạt động kinh doanh của mình.\r\n\r\nMột trong những điểm mạnh của BraveSoft là mô hình phát triển "Lab Model", trong đó công ty tổ chức một đội ngũ phát triển chuyên biệt cho từng dự án. Điều này cho phép doanh nghiệp giữ được sự linh hoạt và hiệu quả cao trong quy trình làm việc. Ngoài ra, công ty còn thực hiện các dự án phát triển theo hợp đồng và giới thiệu các sản phẩm độc lập mà mình đã thiết kế, nghiên cứu và phát triển.\r\n\r\nBraveSoft đã có nhiều thành tựu đáng kể trong việc phát triển ứng dụng và hệ thống web, bao gồm một số sản phẩm tiêu biểu như hệ thống trang điện tử cung cấp thông tin, hệ thống chat trực tuyến, cũng như nhiều ứng dụng phục vụ nhu cầu người dùng khác. Công ty không ngừng tìm kiếm cơ hội phát triển những sản phẩm mới, hứa hẹn mang lại giá trị gia tăng cho khách hàng và người tiêu dùng.\r\nChính sách bảo hiểm\r\nĐược hưởng bảo hiểm sức khỏe.\r\nĐược hưởng bảo hiểm xã hội.\r\nDu lịch, tham gia các hoạt động ngoại khóa, sự kiện.\r\nCác hoạt động ngoại khóa\r\nDu lịch\r\nTeam building\r\nThể thao\r\nParty\r\nLịch sử thành lập\r\n2013: Công ty Cổ phần BraveSoft Việt Nam được thành lập', NULL, '1735658808416_logo cnc_173441903849.jpg', 'Công Ty Cổ Phần Bravesoft Việt Nam ', '56', '2024-12-31 15:26:48.416000', 'abcd.com', 1, NULL, NULL),
	(11, '292 Ỷ La- Dương Nội- Hà Đông- Hà Nội', NULL, '1733823630899_', '2024-12-10', NULL, '<p>Công ty cổ phần đầu tư Vindecom được có trụ sở tại phòng 1725 nhà CT5B Khu đô thị Xala, Hà Đông, Hà Nội;&nbsp;</p><p><strong>Ngành nghề chính</strong>: Thực hiện các d<a href="d">ự án cung cấp thiết </a>bị điều hòa nhiệt độ, Máy tính máy in, máy chiếu và các thiết bị giáo dục cho khối các đơn vị hành chính sự nghiệp trên địa bàn thành phố Hà Nội.</p><p><strong>Địa điểm kinh doanh:</strong>&nbsp;</p>', NULL, '1761795733578_about.jpg', 'Công Ty CP Đầu Tư Vindecom', '10 - 150 people', '2025-10-30 03:42:13.578000', '', 5, b'0', NULL),
	(12, 'Số 25, phố Lạc Trung, Phường Vĩnh Tuy, Quận Hai Bà Trưng, Thành phố Hà Nội,', NULL, '1733880771761_2024-06-09.jpg', '2024-12-11', NULL, '<p>Công ty Cổ phần Kỹ Thuật EDC VN được thành lập từ năm 2016 là công ty hoạt động trong lĩnh vực tư vấn thiết kế và cải tạo điện dân dụng, điện nhẹ cho văn phòng và showroom.</p><p>&nbsp;</p><p>&nbsp;Đến nay, công ty đã thiết kế và thi công nhiều công trình văn phòng nước ngoài và các hệ thống ngân hàng. Các công trình tập trung chủ yếu tại các tòa nhà văn phòng cao cấp tại khu vực Hà Nội.</p>', NULL, '1734331461843_162254615921.jpeg', 'Công Ty Cổ Phần Kỹ Thuật Edc VN', '10 - 150 people', '2025-12-04 09:43:53.672000', 'abcdd.com.vn', 5, b'1', NULL),
	(13, 'Tầng 1, 2, 6 Tòa nhà Metropolitan, 235 Đồng Khởi, Phường Bến Nghé, Quận 1, Thành phố Hồ Chí Minh, Việt Nam', NULL, '1733882405514_2024-06-09.jpg', '2024-12-11', 250, '<p>Năm 1870 HSBC mở văn phòng đầu tiên tại Sài Gòn (nay là thành phố Hồ Chí Minh).&nbsp;</p><p>Tháng Tám năm 1995, chi nhánh tại thành phố Hồ Chí Minh được cấp phép hoạt động và cung cấp đầy đủ các dịch vụ tài chính ngân hàng. HSBC khai trương chi nhánh thứ hai tại Hà Nội và thành lập văn phòng đại diện tại thành phố Cần Thơ vào năm 2005.</p>', NULL, '1764841525495_WpgsQu5D8gv8S.jpg', 'Ngân Hàng Trách Nhiệm Hữu Hạn Một Thành Viên HSBC', 'Over 300 people', '2025-12-04 09:45:25.495000', '', 4, b'0', NULL),
	(14, 'Số nhà 178, tổ 4, Phường Kiến Hưng, Quận Hà Đông, Hà Nội', NULL, '1734494438068_', '2024-12-18', NULL, 'CÔNG TY CỔ PHẦN TẬP ĐOÀN TDI\r\n- Tổng thầu xây dựng dân dụng và công nghiệp\r\n- Tổng thầu lắp đặt hệ thống cơ điện (ME).\r\n- Cung cấp dịch vụ thiết kế mô hình BIM trên nền tảng BIM 360', NULL, '1734494438068_TDI.jpeg', 'Công Ty Cổ Phần Công Nghệ Và Tư Vấn Á Châu', '10 - 150 people', '2025-01-03 01:49:43.243000', '', 4, NULL, NULL),
	(15, 'Lô E5-4, Khu công nghiệp Đại Đồng - Hoàn Sơn, Xã Đại Đồng', NULL, '1735826672021_', '2025-01-02', NULL, '<p>Công ty TNHH Cedo Việt nam là doanh nghiệp 100% vốn đầu tư của Anh Quốc, thuộc Tập đoàn Cedo, có trụ sở tại 06 nước Châu Âu, và Việt Nam Sản phẩm của Nhà máy Cedo Việt nam là các loại túi nilon sử dụng trong ngành thực phẩm, được xuất khẩu sang thị trường Châu Âu.</p>', NULL, '1735868757491_1364715909.jpeg', 'Công Ty TNHH Cedo (Việt Nam)', '20', '2025-12-04 09:44:16.162000', '', 5, b'0', NULL),
	(16, 'Khu Công nghệ Cao Tuần Châu, Hạ Long', NULL, '1736093746348_', '2025-01-05', NULL, '<h3>CHuyên dịch vụ khai thác</h3><p>Dịch vụ truyển hình</p>', NULL, '1761804833344_logo_eplus.png', 'Công ty Cổ phần dầu khí Bắc Á', 'Trên 500 nhân viên', '2025-12-04 09:44:05.809000', '', 7, b'0', NULL),
	(17, 'Lot N, Street No.26, Song Than Industrial Zone No.2, Di An District, Binh Duong Province', NULL, '1736306171827_', '2025-01-08', NULL, '<p>Hello</p><p><strong>Khánch</strong></p>', NULL, '1736306171827_perfetti.jpg', 'Perfetti Van Melle (Viet Nam)', '500 cán bộ/nhân viên', '2025-04-16 07:52:20.873000', 'www.perfettivanmelle.com', 1, b'0', NULL),
	(18, 'Phường Phú Hữu, Quận 9, TP. HCM', NULL, '1736306850829_', '2025-01-08', 120, '<p>Samco Vina cung cấp đa dạng các loại xe nâng, bao gồm xe nâng điện, xe nâng diesel, xe nâng container, xe nâng palet, và nhiều loại xe nâng chuyên dụng khác.&nbsp;</p><p>Hệ thống sản phẩm của công ty bao gồm cả xe nâng mới và xe nâng đã qua sử dụng, cùng với phụ tùng thay thế cho các loại xe như Kalmar hay Caterpillar. Bên cạnh đó, công ty cũng cung cấp dịch vụ cho thuê xe nâng, giúp khách hàng có thêm lựa chọn phù hợp với nhu cầu sử dụng.</p>', NULL, '1736306850829_SamcoVina.jpg', 'Công Ty CP Samco Vina', 'Trên 100 nhân viên', '2025-01-17 04:31:46.040000', '', 8, NULL, NULL),
	(19, 'Hàng Châu - Trung Hoa', NULL, '1737088676224_', '2025-01-17', NULL, '<p>Kinh nghiệm hơn 15 năm hoạt động trong lĩnh vực phòng cháy chữa cháy của nhà sáng lập, PHÚC BẢO AN HOLDING mang tới cho khách hàng các dịch vụ về phòng cháy chữa cháy toàn diện và giải pháp trọn vẹn nhất. Chúng tôi tin rằng chất lượng của mỗi công trình không chỉ nằm ở vẻ đẹp bên ngoài mà phải đảm bảo an toàn ở mức cao nhất cho tính mạng của con người và tài sản, cốt lõi của mỗi công trình phải được xây bằng “Tâm – Tín – Tầm” của chính những người tạo ra sản phẩm, dịch vụ.</p><p>&nbsp;</p><p>Với tôn chỉ mục đích ấy, <strong>PHÚC BẢO AN HOLDING</strong> đặt chữ Tâm lên hàng đầu, lấy chữ Tín làm vũ khí cạnh tranh, bảo vệ chữ Tín như bảo vệ sinh mạng mình để xứng Tầm thương hiệu Việt Nam – Đẳng cấp chất lượng toàn cầu và tự hào ghi lại các dấu ấn công trình trên khắp mọi miền tổ quốc với tư cách là chuyên gia Phòng cháy chữa cháy hàng đầu Việt Nam.</p>', NULL, '1766565108293_th.jpg', 'Công Ty TNHH Phúc Bảo An6', 'Trên 200 nhân viên', '2025-12-24 08:31:48.293000', 'abcdd.com.vn', 4, b'0', 88),
	(22, 'Tầng ,1, 2, 6 Tòa nhà Metropolitan, 235 Đồng Khởi, Phường Bến Nghé, Quận 1, Thành phố Hồ Chí Minh, Việt Nam', NULL, NULL, '2025-12-15', NULL, ' Giới thiệu doanh nghiệpGiới thiệu doanh nghiệpGiới thiệu doanh nghiệpGiới thiệu doanh nghiệpGiới thiệu doanh nghiệpGiới thiệu doanh nghiệpGiới thiệu doanh nghiệpGiới thiệu doanh nghiệp', NULL, NULL, 'Công nghệ thực phẩm v', '10 - 150 people', '2025-12-16 09:33:35.876000', 'www.perfettivanmelle.com', 5, b'1', NULL),
	(23, 'M8, Đường Đinh Công Tráng, Phường Xuân Khánh, Quận Ninh Kiều, Thành phố Cần Thơ, Việt Nam', NULL, NULL, '2025-12-16', NULL, '<p>Công an Đà Nẵng vừa bắt giữ một người bị truy nã đặc biệt nguy hiểm về các hành vi làm giả tài liệu của cơ quan, tổ chức; sử dụng tài liệu giả của cơ quan, tổ chức và lừa đảo chiếm đoạt tài sản.</p>', NULL, NULL, 'Công ty Kỹ nghệ Hồng Hà', 'Over 302sadsad0 people', '2025-12-16 09:01:19.720000', 'vnexpress.net', 3, b'1', NULL);

-- Dumping structure for table portaljob.gallery
CREATE TABLE IF NOT EXISTS `gallery` (
  `id` int NOT NULL AUTO_INCREMENT,
  `create_at` datetime(6) DEFAULT NULL,
  `file_name` varchar(255) CHARACTER SET latin1 COLLATE latin1_swedish_ci DEFAULT NULL,
  `status` bit(1) DEFAULT NULL,
  `title` varchar(255) CHARACTER SET utf8mb3 COLLATE utf8mb3_unicode_ci DEFAULT NULL,
  `type` varchar(255) CHARACTER SET latin1 COLLATE latin1_swedish_ci DEFAULT NULL,
  `update_at` datetime(6) DEFAULT NULL,
  PRIMARY KEY (`id`)
) ENGINE=InnoDB AUTO_INCREMENT=25 DEFAULT CHARSET=utf8mb3 COLLATE=utf8mb3_unicode_ci;

-- Dumping data for table portaljob.gallery: ~12 rows (approximately)
DELETE FROM `gallery`;
INSERT INTO `gallery` (`id`, `create_at`, `file_name`, `status`, `title`, `type`, `update_at`) VALUES
	(13, '2024-06-17 08:59:47.904000', '1733814386573_Bruno.jpg', b'1', 'Viet Nam', 'IMAGE', '2025-01-02 14:24:21.354000'),
	(14, '2024-06-17 09:00:01.748000', '1718614801748_Gia-vang-hom-nay-30-5.jpg', b'1', 'hhbb', 'IMAGE', NULL),
	(15, '2024-06-19 01:40:49.510000', '1718761249510_loft.jpg', b'1', 'Gallery 1', 'IMAGE', NULL),
	(16, '2024-06-19 01:41:20.559000', '1718761280559_pexels-photo-158971.webp', b'1', 'Gallery 2', 'IMAGE', NULL),
	(17, '2024-06-19 01:41:34.296000', '1718761294296_sq_img_1.jpg', b'1', 'Gallery 3', 'IMAGE', NULL),
	(18, '2024-06-19 01:41:52.159000', '1718761312159_sq_img_2.jpg', b'1', 'Gallery 3', 'IMAGE', NULL),
	(19, '2024-06-19 01:42:10.338000', '1718761330338_sq_img_8.jpg', b'1', 'Gallery 5', 'IMAGE', '2024-12-10 07:06:06.923000'),
	(20, '2024-06-19 01:42:25.919000', '1718761345919_sq_img_6.jpg', b'1', 'Gallery 6', 'IMAGE', NULL),
	(21, '2024-06-19 01:42:41.757000', '1718761361757_sq_img_9.jpg', b'1', 'Gallery 7', 'IMAGE', NULL),
	(22, '2024-06-19 01:42:56.616000', '1718761376616_sq_img_7.jpg', b'1', 'Gallery 8', 'IMAGE', NULL),
	(23, '2024-06-19 01:43:48.328000', '1718761428328_sq_img_4.jpg', b'1', 'Gallery 10', '', NULL),
	(24, '2024-06-19 01:44:08.695000', '1718761448695_sq_img_5.jpg', b'1', 'Gallery 11', 'IMAGE', NULL);

-- Dumping structure for table portaljob.industrial_type
CREATE TABLE IF NOT EXISTS `industrial_type` (
  `id` int NOT NULL AUTO_INCREMENT,
  `name` varchar(255) CHARACTER SET utf8mb3 COLLATE utf8mb3_unicode_ci DEFAULT NULL,
  `status` bit(1) DEFAULT NULL,
  PRIMARY KEY (`id`)
) ENGINE=InnoDB AUTO_INCREMENT=12 DEFAULT CHARSET=utf8mb3 COLLATE=utf8mb3_unicode_ci;

-- Dumping data for table portaljob.industrial_type: ~11 rows (approximately)
DELETE FROM `industrial_type`;
INSERT INTO `industrial_type` (`id`, `name`, `status`) VALUES
	(1, 'Khoa học công nghệ', b'1'),
	(2, 'Điện - Điện tử', b'1'),
	(3, 'Giáo dục', b'1'),
	(4, 'Giao thông vận tải', b'1'),
	(5, 'Cơ khí chế tạo', b'1'),
	(6, 'Thiết kế - Kiến trúc', b'1'),
	(7, 'Khai thác khoáng sản', b'1'),
	(8, 'Công nghệ thông tin', b'1'),
	(9, 'Tài chính - Ngân hàng', b'1'),
	(10, 'Dịch vụ chăm sóc', b'1'),
	(11, 'Hành chính - Văn phòng', b'1');

-- Dumping structure for table portaljob.job
CREATE TABLE IF NOT EXISTS `job` (
  `id` bigint NOT NULL AUTO_INCREMENT,
  `age_range` varchar(255) CHARACTER SET utf8mb3 COLLATE utf8mb3_unicode_ci DEFAULT NULL,
  `apply_count` int DEFAULT NULL,
  `benefit` longtext CHARACTER SET utf8mb3 COLLATE utf8mb3_unicode_ci,
  `create_at` datetime(6) DEFAULT NULL,
  `description` longtext CHARACTER SET utf8mb3 COLLATE utf8mb3_unicode_ci,
  `expired_date` date DEFAULT NULL,
  `gender` varchar(255) CHARACTER SET utf8mb3 COLLATE utf8mb3_unicode_ci DEFAULT NULL,
  `like_count` int DEFAULT NULL,
  `number_of_recruitement` int DEFAULT NULL,
  `reponsibility` longtext CHARACTER SET utf8mb3 COLLATE utf8mb3_unicode_ci,
  `salary` varchar(255) CHARACTER SET utf8mb3 COLLATE utf8mb3_unicode_ci DEFAULT NULL,
  `status` varchar(255) CHARACTER SET utf8mb3 COLLATE utf8mb3_unicode_ci DEFAULT NULL,
  `title` varchar(255) CHARACTER SET utf8mb3 COLLATE utf8mb3_unicode_ci DEFAULT NULL,
  `trial_time` varchar(255) CHARACTER SET utf8mb3 COLLATE utf8mb3_unicode_ci DEFAULT NULL,
  `update_at` datetime(6) DEFAULT NULL,
  `view_count` int DEFAULT NULL,
  `year_of_experience` varchar(255) CHARACTER SET utf8mb3 COLLATE utf8mb3_unicode_ci DEFAULT NULL,
  `category_id` int DEFAULT NULL,
  `enterprise_id` bigint DEFAULT NULL,
  `location_id` int DEFAULT NULL,
  `rank_id` int DEFAULT NULL,
  `working_model_id` int DEFAULT NULL,
  `address` varchar(255) CHARACTER SET utf8mb3 COLLATE utf8mb3_unicode_ci DEFAULT NULL,
  `working_address` varchar(255) CHARACTER SET utf8mb3 COLLATE utf8mb3_unicode_ci DEFAULT NULL,
  `working_time` varchar(255) CHARACTER SET utf8mb3 COLLATE utf8mb3_unicode_ci DEFAULT NULL,
  `jobcategory_id` int DEFAULT NULL,
  PRIMARY KEY (`id`),
  KEY `FKileo82hgsmj8o4qtm7p8464y4` (`category_id`),
  KEY `FKqi9kss8j426qe775vormfuyot` (`enterprise_id`),
  KEY `FK4d9rme1ojqlfdif4jjmmaptp1` (`location_id`),
  KEY `FK5n2xsv9pwsq5cgl6of5c2tmqf` (`rank_id`),
  KEY `FKaum17jn5qa3bs2lfjyd897vob` (`working_model_id`),
  KEY `FKp2xs98wehvevwewooy54yoy76` (`jobcategory_id`),
  CONSTRAINT `FK4d9rme1ojqlfdif4jjmmaptp1` FOREIGN KEY (`location_id`) REFERENCES `location` (`id`),
  CONSTRAINT `FK5n2xsv9pwsq5cgl6of5c2tmqf` FOREIGN KEY (`rank_id`) REFERENCES `rank` (`id`),
  CONSTRAINT `FKaum17jn5qa3bs2lfjyd897vob` FOREIGN KEY (`working_model_id`) REFERENCES `workingmodel` (`id`),
  CONSTRAINT `FKileo82hgsmj8o4qtm7p8464y4` FOREIGN KEY (`category_id`) REFERENCES `categories` (`id`),
  CONSTRAINT `FKp2xs98wehvevwewooy54yoy76` FOREIGN KEY (`jobcategory_id`) REFERENCES `jobcategory` (`id`),
  CONSTRAINT `FKqi9kss8j426qe775vormfuyot` FOREIGN KEY (`enterprise_id`) REFERENCES `enterprise` (`id`)
) ENGINE=InnoDB AUTO_INCREMENT=58 DEFAULT CHARSET=utf8mb3 COLLATE=utf8mb3_unicode_ci;

-- Dumping data for table portaljob.job: ~15 rows (approximately)
DELETE FROM `job`;
INSERT INTO `job` (`id`, `age_range`, `apply_count`, `benefit`, `create_at`, `description`, `expired_date`, `gender`, `like_count`, `number_of_recruitement`, `reponsibility`, `salary`, `status`, `title`, `trial_time`, `update_at`, `view_count`, `year_of_experience`, `category_id`, `enterprise_id`, `location_id`, `rank_id`, `working_model_id`, `address`, `working_address`, `working_time`, `jobcategory_id`) VALUES
	(20, '25 - 35 tuổi', 3, '1. Thu nhập: từ 15 - 20 triệu đồng/ tháng (bao gồm Lương cơ bản + Phụ cấp)\r\nLương thêm giờ theo hệ số: Ngày thường x 1,5; ngày Chủ nhật x 2; ngày Lễ x 3 theo luật lao động\r\n2. Thưởng: Thưởng Lễ, Tết theo tình hình kinh doanh của công ty, ...\r\n3. Chế độ phúc lợi\r\n- Đóng bảo hiểm theo quy định của Pháp luật ngay khi ký hợp đồng chính thức\r\n- Phụ cấp: ăn trưa, công tác, thuê nhà, kinh doanh….\r\n- 13 ngày phép/ năm (gồm 12 ngày phép theo quy định + 01 ngày nghỉ sinh nhật)', '2024-12-14 08:51:32.650000', '1. Khảo sát hiện trường\r\n- Thực hiện khảo sát trực tiếp tại địa điểm Khách hàng yêu cầu.\r\n- Lắng nghe mong muốn, yêu cầu từ khách hàng, tư vấn phương án thiết kế tối ưu cho khách hàng.\r\n2. Lên phương án thiết kế\r\n- Vẽ các bản vẽ kỹ thuật chi tiết về các hạng mục xây dựng công nghiệp như: kết cấu, kiến trúc, hệ thống điện, nước, thông gió...\r\n- Thiết kế kỹ thuật chi tiết về các hạng mục xây dựng hạ tầng kỹ thuật như: hệ thống cấp, thoát nước, hệ thống đường giao thông, hệ thống bể, cống ngầm…\r\n- Tính toán các thông số kỹ thuật như tải trọng, độ bền, khả năng chịu lực của công trình.\r\n- Lựa chọn vật liệu xây dựng phù hợp, đảm bảo chất lượng và thẩm mỹ..\r\n3. Bóc tách khối lượng, lập dự toán dựa trên bản vẽ đã phê duyệt\r\n4. Báo cáo với các quản lý về tình hình, tiến độ, khó khăn...trong quá trình thiết kế dự án, đề xuất phương án\r\n5. Phối hợp với bộ phận thi công để giám sát thực hiện đúng bản vẽ được phê duyệt\r\n6. Các công việc khác theo yêu cầu của quản lý trực tiếp.', '2025-05-30', 'NOTREQUIRE', NULL, 6, '1. Kiến thức và kinh nghiệm\r\n- Trình độ học vấn: Tốt nghiệp Đại học các chuyên ngành: kiến trúc, xây dựng... và các chuyên ngành liên quan\r\n- Kinh nghiệm: ít nhất 1 năm kinh nghiệm ở vị trí tương đương\r\n- Hiểu biết sâu rộng về các nguyên tắc thiết kế kiến trúc, quy hoạch đô thị, thẩm mỹ kiến trúc.\r\n- Hiểu biết về các nguyên tắc cơ bản của xây dựng, vật liệu, kết cấu\r\n2. Kỹ năng\r\n- Thành thạo các phần mềm thiết kế đồ họa như AutoCAD, 3ds Max.\r\n- Kỹ năng giao tiếp, thuyết trình, trình bày ý tưởng\r\n- Kỹ năng giải quyết vấn đề\r\n- Lắng nghe và hiểu rõ yêu cầu khách hàng', '25 man', 'APPROVED', 'Kỹ Sư Thiết Kế Xây Dựng', '02 months', '2025-01-17 03:55:21.108000', 66, 'Over 300 member', 2, 9, 4, 1, 1, NULL, 'Phường Ngọc Lâm, Quận Long Biên, Thành phố Hà Nội', '09:00 AM - 17:00 PM', 2),
	(23, '25 - 35 tuổi', 3, '<p>Lương 18-20tr (thoả thuận theo năng lực của ứng viên). Cơ hội được phát triển bản thân trong quá trình tham gia các dự án lớn của Công ty. Lộ trình thăng tiến rõ ràng, tăng lương theo đánh giá năng lực định kỳ. Được hưởng đầy đủ các chính sách BHXH, BHYT, BHTN, các phúc lợi khác theo đúng quy định của Luật lao động và các chế độ đãi ngộ của đơn vị.</p>', '2024-12-14 09:11:53.328000', '<p>Triển khai bản vẽ thi công và gia công: bản vẽ biện pháp thi công, bản vẽ kiến trúc hoàn thiện, kết cấu shopdrawing… Lập biện pháp thi công các hạng mục của dự án và tính toán khối lượng thi công. Tham gia cập nhật, điều chỉnh phương án shop-drawing, biện pháp thi công, khối lượng thi công theo sự thay đổi tại công trình. Kiểm soát chất lượng, tiến độ bản vẽ của các dự án được giao. Triển khai hồ sơ thiết kế theo từng giai đoạn và theo quy định, quy chuẩn. Hỗ trợ, phối hợp công việc với các thành viên khác trong nhóm dự án đảm bảo thành công chung đối với các mục tiêu của dự án đề ra về mặt tiến độ và chất lượng hồ sơ thiết kế.</p>', '2026-03-26', 'FEMALE', NULL, 8, '<p>Trình độ Đại học, chuyên ngành xây dựng có kinh nghiệm 3 năm trở lên; Đã tham gia thi công 01 công trình có kết cấu dạng nhà, cấp II trở lên. Thành thạo lập bản vẽ shop drawing và tính toán khối lượng thi công. Thành thạo AutoCAD; Phần mềm dự toán G8, MS Office… Nhanh nhẹn, tinh thần làm việc chăm chỉ. Có thể đi công tác ngoại tỉnh.</p>', 'Lương 18-20tr', 'APPROVED', 'Kỹ Sư Shop Drawing - Dự Án Tại Các Tỉnh Miền Bắc', '', '2025-12-02 07:28:40.444000', 84, 'Trên 3 năm', 1, 7, 6, 3, 2, NULL, 'Làm việc tại hà Giang', 'Giờ hành chính', 16),
	(27, '25 - 45 tuổi', 2, '<p>- Thu nhập Từ 9 triệu 14 triệu (chưa có kinh nghiệm) - Thu nhập Từ 14- 20 triệu (có kinh nghiệm ≥2 năm) - Thử việc Từ 01-02 tháng, lương thử việc =85% lương chính thức - Tham gia đầy đủ các chính sách BHXH, BHYT, BHTN,... - Được hưởng các chính sách ưu đãi khác của công ty theo như quy định - Trả lương hàng tháng theo thỏa thuận (cam kết không nợ lương); Đảm bảo đầy đủ quyền lợi, Được hưởng các chế độ phúc lợi khác theo quy định của công ty, pháp luậ</p>', '2024-12-16 02:31:33.373000', '<p>- Lập hồ sơ nghiệm thu, hoàn công, hồ sơ thanh quyết toán (công việc chính). - Bóc tách khối lượng thi công; phối hợp kiểm soát vật tư thi công, khối lượng và thanh toán các đội nhân công, thầu phụ. - Lập nhật ký thi công công trình, lập báo cáo sản lượng, kế hoạch thi công của công trình; - Các yêu cầu công việc khác theo chỉ đạo của Ban Điều Hành.</p>', '2025-05-29', 'MALE', NULL, 7, '<p>- Nam, tuổi dưới 42 - Tốt nghiệp Đại học trở lên - Có kinh nghiệm trong mảng Xây dựng cầu đường, đường bộ - Đã từng làm hồ sơ các công trình cầu, đường, hạ tầng kỹ thuật; - Có kinh nghiệm tham gia thiết kế; Có kinh nghiệm làm việc hiện trường (lợi thế); - Biết sử dụng thành thạo Word, excel, auto CAD, project; các phần mềm chuyên môn khác</p>', '30 triệu', 'BLOCKED', 'Tuyển dụng kỹ sư Xây dựng và cầu đường', '02 months', '2025-02-10 06:44:28.184000', 102, '4 năm', 2, 3, 4, 3, 3, NULL, '- Thành phố Lào Cai Lào Cai, Việt Nam', '', 4),
	(30, '25 - 35 tuổi', 8, '<p>Môi trường làm việc dân chủ, hiện đại, chuyên nghiệp, có cơ hội thăng tiến và ổn định lâu dài. Được đóng BHXH, BHYT, BHTN theo quy định của nhà nước. Được hưởng chế độ chăm sóc sức khỏe toàn diện. Được hưởng các quyền lợi khác theo chính sách của công ty</p>', '2024-12-16 03:35:31.619000', '<p>Tốt nghiệp Đại học chuyên ngành Ngành Xây dựng Dân dụng và Công nghiệp; Hiểu biết về luật xây dựng và các thông tư, nghị định mới liên quan đến ngành xây dựng; Hiểu biết các kiến thức về quản lý dự án, chuyên ngành xây dựng Kỹ năng lập kế hoạch và tổ chức thực hiện; Kỹ năng quản lý, tư duy chiến lược. Có kinh nghiệm làm và thi công các công trình nhà nước hoặc vị trí Giám sát thi công Có chứng chỉ giám sát, còn liệu lực (nếu có) Chịu được áp lực công việc và có khả năng đi công tác xa Thành thạo các phần mềm văn phòng: Word; Excel; Powerpoint;.. Thành thạo các phần mềm chuyên nghành: Sap; Etabs; Safe; project; Msproject; Primavera P6...và các phần mềm liên quan khác đến chuyên ngành xây dựng Trình độ ngoại ngữ: Tiếng Anh trình độ B hoặc tương đương ưu tiên các ứng viên thành thạo giao tiếp Yêu cầu về độ tuổi: Từ 30 - 45 tuổi</p>', '2025-12-31', 'MALE', NULL, 6, '<p>Giám sát công tác thi công xây dựng công trình theo đúng qui trình, qui định Giám sát tiến độ, chất lượng, kỹ mỹ thuật công trình và ATLĐVSMT tại các dự án được giao; Phối hợp trong công tác hoàn thiện: Hồ sơ Chất lượng; Hồ sơ khối lượng; BB nghiệm thu, văn bản… Phối hợp thực hiện tốt công tác báo cáo, công tác nghiệm thu và thanh quyết toán công trình dự án được giao. Lập biện pháp thi công, tiến độ thi công, lập hồ sơ dự thầu, triển khai bóc tách khối lượng, lập dự toán, kiểm soát các định mức, chi phí... Địa điểm làm việc: Vũng Tàu, Bà Rịa – Vũng Tàu</p>', '40 man', 'APPROVED', 'Tuyển dụng kỹ sư hóa thực phẩm', '02 months', '2025-10-30 06:27:39.958000', 80, 'Over 300 member', 3, 19, 1, 3, 3, NULL, '221 Võ Thị Sáu, Thắng Tam, Vũng Tàu, Bà Rịa-Vũng Tàu', '09:00 AM - 17:00 PM', 4),
	(36, '25 - 35 tuổi', 2, '<p>- Thu nhập hấp dẫn từ 20 - 25 triệu - Được tham gia đóng bảo hiểm theo quy định của Nhà nước, hưởng các phúc lợi hấp dẫn từ TĐ Vingroup; - Được làm việc trong môi trường chuyên nghiệp, năng động và hiệu quả, có cơ hội thăng tiến; - Ký hợp đồng lao động chính thức sau 02 tháng thử việc.</p>', '2025-01-02 08:02:25.807000', '<p>- Thực hiện các công việc theo yêu cầu của Chỉ huy trưởng, Đội trưởng thi công; - Giám sát công trường: Giám sát những công việc thi công trực tiếp tại công trường. - Đọc và triển khai bản vẽ, nắm rõ bản vẽ thiết kế và yêu cầu kỹ thuật của dự án, sắp xếp mặt bằng, vật tư, thiết bị thi công và phân bổ công nhân thi công; - Tham gia họp cùng Chỉ huy trưởng, Đội trưởng, Tổ đội công nhân để phối hợp triển khai công việc; - Tham gia lập, kiểm duyệt và thiết kế các kế hoạch thi công; - Thực hiện các công việc khác liên quan; - Đảm bảo kết quả thi công: Chịu trách nhiệm an toàn, tiến độ, chất lượng, vệ sinh khu vực thi công.</p>', '2027-07-12', 'FEMALE', NULL, 20, '<p>- Ưu tiên đã có 3 năm kinh nghiệm thi công trực tiếp, đặc biệt hiểu và kiểm soát tốt công tác hoàn thiện, thô, bê tông cốt thép. - Ưu tiên biết sử dụng các tính năng cơ bản tin học văn phòng và ứng dụng tốt các phần mềm chuyên dụng trong công việc: autocad, project, tính khối lượng... - Ham học hỏi, nhiệt tình, có trách nhiệm trong công việc.</p>', '20 triệu', 'EDITING', 'Chuyên Viên Kỹ Thuật Hiện Trường đi làm ngay', '01 tháng', '2025-12-04 09:51:49.787000', 126, '7 year', NULL, 14, 2, 4, 1, NULL, 'Tokyo', '08:00 AM - 17:00 PM', 17),
	(41, '25 - 35 tuổi', 12, 'Thu nhập từ 15tr trở lên\r\nThử việc 1 tháng – 100% lương\r\nTăng lương mỗi năm và cơ hội thăng tiến rõ ràng.\r\nĐầy đủ BHXH, BHYT, bảo hiểm sức khỏe 24/24. Khám sức khỏe định kỳ hang năm\r\nKý hợp đồng trực tiếp, không qua trung gian.\r\nĐào tạo chuyên nghiệp và cơ hội thăng tiến không giới hạn!​\r\nTham gia teambuilding gắng kết (hoạt động gắn kết đội nhóm)', '2025-01-08 03:18:40.444000', 'Bao phủ tất cả các điểm bán trong khu vực được giao theo đúng lộ trình và thời gian quy định\r\nPhân phối đầy đủ các sản phẩm của PVM tại tất cả điểm bán\r\nVệ sinh, trưng bày sản phẩm theo đúng hướng dẫn\r\nThực hiện đúng các chương trình phát triển thị trường như khuyến mãi, trưng bày,…\r\nTuân thủ và thực hiện tốt các quy định và quy trình làm việc của công ty và đại lý\r\nHoàn tất các báo cáo được yêu cầu một các chính xác và kịp thời\r\nXây dựng và duy trì tốt mối quan hệ với khách hàng\r\nHoàn thành tất cả các chỉ tiêu được giao (doanh số, các yếu tố nền tảng,…)\r\nThời gian bình quân tại 1 điểm bán (sales + trưng bày quầy kệ): 10-15 phút/điểm bán', '2025-05-30', 'MALE', NULL, 6, 'Có kỹ năng bán hàng tốt (kinh nghiệm bán hàng trên 6 tháng) & kỹ năng thương lượng\r\nCó mối quan hệ & kinh nghiệm chăm sóc cửa hàng lẻ lớn, cửa hàng sỉ tại địa bàn', '20 triệu', 'APPROVED', 'Nhân Viên thiết kế bao bì (Ngành Hàng Bánh Kẹo, Hải Phòng)', '02 tháng', NULL, 125, '', NULL, 17, 3, NULL, 3, NULL, 'Văn phòng công ty tại Tokyo Nhật bản', '08:00 AM - 05: 00 PM', 3),
	(43, '25 - 35 tuổi', 10, '<p>Mức thu nhập được thỏa thuận theo năng lực và trao đổi kỹ trong quá trình phỏng vấn; Lương, thưởng tháng 13; Khen thưởng theo năng lực; Phụ cấp công tác, xăng xe, có chỗ ở cho nhân viên; Có các khoá huấn luyện kỹ năng, kiến thức kỹ thuật tại công ty; Tham gia đầy đủ các chế độ theo quy định của pháp luật (BHYT, BHXH, BHTN) và các chế độ phúc lợi theo nội quy, quy chế của Công ty; Các chế độ thăm hỏi sức khỏe cho bản thân và gia đình theo chính sách đãi ngộ của Công ty; Được làm việc trong môi trường chuyên nghiệp và thân thiện, có nhiều cơ hội thăng tiến và phát triển nghề nghiệp, tiếp xúc và làm việc với nhiều hãng xe nổi tiếng trên thế giới.</p>', '2025-01-08 03:30:13.204000', '<p>Thực hiện tháo lắp, sửa chữa, bảo trì, bảo dưỡng các dòng xe nâng tại công ty, cảng hoặc địa điểm bãi khách hàng; Duy trì hiệu quả hoạt động lâu dài cho xe nâng; Đại tu cầu, hộp số, động cơ, gia công và sản xuất hộp tay dầm ngáng, thay mới hệ thống thủy lực, phục hồi hoặc thay thế các bộ phận hư hỏng, …; Thực hiện các công việc thuộc phạm trù chuyên môn theo sự phân công của trưởng bộ phận.</p>', '2025-05-30', 'MALE', NULL, 12, '<p>Nam từ 23 – 45 tuổi; Tốt nghiệp Trung Cấp trở lên chuyên ngành kỹ thuật, cơ điện, cơ khí động</p><p><strong>&nbsp;lực/ thuỷ lực, kỹ thuật ô tô ...;</strong> Có khả năng đọc hiểu tài liệu chuyên ngành; Chưa có kinh nghiệm sẽ được đào tạo, nếu có kinh nghiệm trong lĩnh vực ô tô, xe nâng ... là 1 lợi thế; Chủ động tìm hiểu và triển khai công việc; Ưu tiên có bằng lái xe, đọc hiểu Tiếng Anh; Có khả năng làm việc độc lập và cả làm việc nhóm; Có tinh thần trách nhiệm cao, tư cách đạo đức tốt, nhiệt tình, cẩn thận, trung thực và chăm chỉ.</p>', '20 triệu', 'APPROVED', 'Kỹ Thuật Viên Sửa Chữa/ Bảo Trì Xe Nâng - [Bình Dương]', '01 tháng', '2025-02-12 07:26:07.513000', 139, '7 year', NULL, 18, 6, NULL, 4, NULL, 'Văn phòng công ty ', '08:00 AM - 05: 00 PM', 3),
	(50, '25 - 35 tuổi', NULL, '', '2025-04-16 07:45:31.849000', '', '2025-09-30', 'MALE', NULL, 40, '', '60 man', 'APPROVED', 'Tuyển dụng Lái xe tải làm việc tại Tokyo', '', '2025-10-30 06:27:08.901000', 48, 'Trên 2 năm', NULL, 4, 1, NULL, 3, NULL, 'Tokyo - Japan', '', 19),
	(51, 'Dưới 30 tuổi', 3, '<ul><li><strong>Thu nhập từ 10 – 15 triệu/tháng (bao gồm lương cứng 7–8 triệu + thưởng doanh số), có thể thỏa thuận theo năng lực.</strong></li><li>Được đào tạo chuyên sâu về sản phẩm và kỹ năng bán hàng, có cơ hội trải nghiệm và học chơi Golf.</li><li>Hưởng đầy đủ các chế độ theo quy định của Nhà nước: BHXH, BHYT, BHTN...</li><li>Thưởng lễ, Tết và các chế độ phúc lợi khác theo chính sách của công ty.</li><li>Môi trường làm việc năng động, chuyên nghiệp, cơ hội phát triển sự nghiệp bền vững trong lĩnh vực thể thao &amp; thời trang cao cấp.</li></ul>', '2025-10-27 09:29:11.455000', '<ul><li>Tư vấn và bán các sản phẩm thời trang Golf và dụng cụ Golf cao cấp tại showroom HS Golf.</li><li>Ghi nhận thông tin bán hàng, cập nhật dữ liệu lên hệ thống.</li><li>Tiếp nhận và xử lý các thắc mắc, khiếu nại của khách hàng liên quan đến sản phẩm.</li><li>Thực hiện các công việc khác theo phân công của quản lý.</li></ul><p><strong>Thời gian làm việc: theo ca luân phiên, lịch làm việc được sắp xếp theo tuần - nghỉ 1 ngày/tuần.</strong></p><p><strong>Phương Đông – Hà Nội</strong></p><ul><li>Ca sáng: 07h15 – 15h15</li><li>Ca chiều: 13h00 – 21h00</li></ul><p><strong>Long Biên - Hà Nội:</strong></p><ul><li>Ca sáng: 07h30 – 15h30</li><li>Ca chiều: 12h00 – 20h00</li></ul><p><strong>Lotte Liễu Giai – Hà Nội</strong></p><ul><li>Ca sáng: 08h45 – 16h45</li><li>Ca chiều: 14h00 – 22h00</li></ul><p><strong>Quảng Ninh:</strong></p><ul><li>Ca sáng: 6h00- 14h00</li><li>Ca chiều: 11h00 – 19h00</li></ul>', '2026-01-31', 'MALE', NULL, 50, '<ul><li>Ngoại hình ưa nhìn, phong thái chuyên nghiệp, năng động và tự tin.</li><li>Giao tiếp tốt, nhanh nhẹn, trung thực, có tinh thần trách nhiệm và cầu tiến.</li><li>Ưu tiên ứng viên có kinh nghiệm bán hàng, đặc biệt trong lĩnh vực thời trang hoặc thiết bị Golf.</li></ul>', '40 triệu', 'APPROVED', 'Nhân Viên Bán Hàng Thời Trang Golf Cao Cấp Tại Hạ Long, Hà Nội', '02 tháng', '2025-10-30 02:29:23.052000', 77, 'Trên 2 năm', NULL, 13, 6, NULL, 1, NULL, 'Sân tập Golf Phương Đông, Tân Mỹ, Nam Từ Liêm', '08:00 AM - 05: 00 PM', 6),
	(52, '25 - 35 tuổi', 2, '<ul><li>Bằng cấp: Đại học</li><li>Độ tuổi: Không giới hạn tuổi</li><li>Lương: 15 Tr - 20 Tr VND</li></ul>', '2025-10-30 03:37:03.149000', '<p><strong>* Xây dựng kế hoạch và triển khai phát triển thương hiệu chuyên khoa phụ trách trên MXH (70%)</strong></p><ul><li>Triển khai và sản xuất nội dung social (Facebook, Tiktok, Youtube, Instagram) phù hợp với định hướng thương hiệu và mục tiêu truyền thông;</li><li>Sản xuất &amp; kiểm duyệt các nội dung social của team trên page BVĐK Tâm Anh, VnExpress;</li><li>Quản trị, điều hướng thông tin trên group/page các chuyên khoa của team.</li></ul><p><strong>* Xây dựng và hoàn thiện, quản lý các ấn phẩm POSM (leaflet, brochure, poster...) (20%)</strong></p><ul><li>Tham gia xây dựng và hoàn thiện, quản lý các ấn phẩm POSM (leaflet, brochure, poster…) phục vụ truyền thông cho các khoa/trung tâm.</li></ul><p><strong>* Công việc khác (10%)</strong></p><ul><li>Thực hiện các công việc khác liên quan hoạt động truyền thông, vận hành của bệnh viện.</li></ul>', '2026-01-30', 'MALE', NULL, 4, '<ul><li>Có 3 năm kinh nghiệm ở vị trí Social Content;</li><li>Tốt nghiệp đại học chuyên ngành Báo chí và truyền thông;</li><li>Ứng viên có kinh nghiệm sản xuất và phát triển nội dung Social, am hiểu policy các nền tảng;</li><li>Ứng viên có kinh nghiệm làm việc tại bệnh viện là một lợi thế;</li><li>Chăm chỉ, cầu thị và có trách nhiệm trong công việc.</li></ul>', '12 triệu', 'APPROVED', 'Chuyên Viên Social Content Tại Long Biên - HN', '3 tháng', NULL, 62, 'Trên 1 năm', NULL, 19, 2, NULL, 3, NULL, 'Khu đô thị mới Nghĩa Đô. Phường Cổ Nhuế 1, Nam Từ Liêm', '08:00 AM - 05: 00 PM', 8),
	(54, '25 - 35 tuổi', NULL, '- Lương cứng: 6.000.000 - 10.000.000 VNĐ/tháng.\r\n- Thu nhập hấp dẫn: 50.000.000 - 150.000.000 VNĐ/tháng (Lương cứng + Thưởng + Hoa hồng).\r\n- Hỗ trợ chi phí truyền thông: 70% - 100%.\r\n- Hỗ trợ khách hàng cho người mới bắt đầu, hỗ trợ chốt giao dịch.\r\n- Được đào tạo bài bản từ đầu bởi đội ngũ Leader tận tâm, chuyên nghiệp.\r\n- Cơ hội thăng tiến cao, lộ trình rõ ràng.\r\n- Môi trường làm việc trẻ trung, năng động, nhiệt huyết.', '2025-12-23 09:47:24.641000', '- Tìm kiếm và khai thác khách hàng tiềm năng có nhu cầu về bất động sản.\r\n- Tư vấn và giới thiệu các sản phẩm bất động sản của công ty.\r\n- Thực hiện các hoạt động bán hàng và chăm sóc khách hàng.\r\n- Tham gia các sự kiện mở bán và các hoạt động marketing của công ty.\r\n- Xây dựng và duy trì mối quan hệ tốt với khách hàng.', NULL, 'MALE', NULL, 20, '- Ưu tiên ứng viên có kinh nghiệm trong lĩnh vực kinh doanh, bất động sản, bảo hiểm, tài chính, ngân hàng, ô tô...\r\n- Kỹ năng giao tiếp, thuyết phục và đàm phán tốt.\r\n- Năng động, nhiệt tình, có trách nhiệm trong công việc.\r\n- Có khả năng làm việc độc lập và làm việc nhóm.\r\n- Yêu thích công việc kinh doanh và có đam mê với bất động sản.', '10 - 20 triệu', 'APPROVED', 'Chuyên Viên Kinh Doanh BĐS / Tư Vấn Bất Động Sản', '02 tháng', NULL, 1, 'Trên 1 năm', NULL, 19, 3, NULL, 3, NULL, '', '8h/ ngày, theo ca: 8h00-17h30 / 9h-18h30 / 10h30-20h00', 2),
	(55, '25 - 35 tuổi', NULL, '', '2025-12-23 09:56:41.575000', 'Mô tả công việc', '2026-12-12', 'MALE', NULL, 20, 'êu cầu công việc', '10 - 20 triệu', 'APPROVED', 'Chuyên Viên Kinh Doanh', '02 tháng', NULL, 2, '7 year', NULL, 19, 10, NULL, 3, NULL, '7 year', '8h/ ngày, theo ca: 8h00-17h30 / 9h-18h30 / 10h30-20h00', 4),
	(56, '25 - 35 tuổi', 4, '<p>kl\';l\'</p>', '2025-12-23 09:58:20.701000', '', '2028-03-31', 'MALE', NULL, 6, '<p>;lkl\'</p>', '40 triệu', 'APPROVED', 'Trợ Lý Giám Đốc Tại Thủ Đức (Nam) - Đi Làm Ngay', '01 tháng', '2025-12-25 07:32:29.412000', 11, '', NULL, 14, 1, NULL, 5, NULL, '221 Võ Thị Sáu, Thắng Tam, Vũng Tàu, Bà Rịa-Vũng Tàu', '08:00 AM - 17:00 PM', 17),
	(57, '', 1, '<p>Quyền lợi của ứng viên</p>', '2025-12-25 06:21:34.586000', '<p>Mô tả công việc</p>', '2026-01-30', 'MALE', NULL, 5, '<p>Yêu cầu công việc</p>', '30 - 40 million', 'APPROVED', 'Tuyen dung', '3 tháng', '2025-12-25 06:24:45.027000', 1, 'Trên 2 năm', NULL, 19, 4, NULL, 3, NULL, 'Haà đômg', '08:00 AM - 17:00 PM', 1);

-- Dumping structure for table portaljob.jobapply
CREATE TABLE IF NOT EXISTS `jobapply` (
  `id` bigint NOT NULL AUTO_INCREMENT,
  `apply_date` date DEFAULT NULL,
  `job_id` bigint DEFAULT NULL,
  `user_id` bigint DEFAULT NULL,
  PRIMARY KEY (`id`),
  KEY `FK8729dk5ju59jd41eg5vnl9plv` (`job_id`),
  KEY `FKks73rj1fbhwv9offxf9m87im3` (`user_id`),
  CONSTRAINT `FK8729dk5ju59jd41eg5vnl9plv` FOREIGN KEY (`job_id`) REFERENCES `job` (`id`),
  CONSTRAINT `FKks73rj1fbhwv9offxf9m87im3` FOREIGN KEY (`user_id`) REFERENCES `users` (`id`)
) ENGINE=InnoDB AUTO_INCREMENT=122 DEFAULT CHARSET=utf8mb3 COLLATE=utf8mb3_unicode_ci;

-- Dumping data for table portaljob.jobapply: ~18 rows (approximately)
DELETE FROM `jobapply`;
INSERT INTO `jobapply` (`id`, `apply_date`, `job_id`, `user_id`) VALUES
	(93, '2025-02-13', 43, 9),
	(94, '2025-02-13', 43, 9),
	(95, '2025-02-13', 41, 9),
	(96, '2025-02-13', 41, 9),
	(97, '2025-02-13', 41, 9),
	(98, '2025-02-13', 27, 9),
	(99, '2025-02-13', 43, 9),
	(100, '2025-02-13', 41, 9),
	(101, '2025-02-21', 41, 86),
	(102, '2025-02-21', 43, 86),
	(103, '2025-02-21', 43, 86),
	(104, '2025-02-24', 20, 9),
	(105, '2025-02-27', 41, 87),
	(106, '2025-04-16', 30, 9),
	(107, '2025-05-09', 30, 10),
	(108, '2025-10-27', 51, 9),
	(109, '2025-10-30', 41, 9),
	(110, '2025-10-30', 41, 9),
	(111, '2025-11-03', 51, 10),
	(112, '2025-12-23', 41, 88),
	(113, '2025-12-25', 56, 10),
	(114, '2025-12-25', 56, 10),
	(115, '2025-12-25', 56, 10),
	(116, '2025-12-25', 52, 10),
	(117, '2025-12-25', 56, 10),
	(118, '2025-12-25', 57, 10),
	(119, '2025-12-25', 52, 10),
	(120, '2025-12-25', 51, 10),
	(121, '2025-12-25', 30, 10);

-- Dumping structure for table portaljob.jobcategory
CREATE TABLE IF NOT EXISTS `jobcategory` (
  `id` int NOT NULL AUTO_INCREMENT,
  `icon_name` varchar(255) CHARACTER SET utf8mb3 COLLATE utf8mb3_unicode_ci DEFAULT NULL,
  `name` varchar(255) CHARACTER SET utf8mb3 COLLATE utf8mb3_unicode_ci DEFAULT NULL,
  `status` bit(1) DEFAULT NULL,
  `popular` bit(1) DEFAULT NULL,
  PRIMARY KEY (`id`)
) ENGINE=InnoDB AUTO_INCREMENT=39 DEFAULT CHARSET=utf8mb3 COLLATE=utf8mb3_unicode_ci;

-- Dumping data for table portaljob.jobcategory: ~37 rows (approximately)
DELETE FROM `jobcategory`;
INSERT INTO `jobcategory` (`id`, `icon_name`, `name`, `status`, `popular`) VALUES
	(1, NULL, 'Khoa học kỹ thuật', b'1', b'1'),
	(2, NULL, 'Xây dựng', b'1', b'1'),
	(3, NULL, 'Bán lẻ / Bán sỉ', b'1', b'1'),
	(4, NULL, 'Công nghệ thực phẩm - Dinh dưỡng', b'1', b'0'),
	(5, NULL, 'Dầu khí', b'1', b'0'),
	(6, NULL, 'Dệt may - Da giày - Thời trang', b'1', b'0'),
	(7, NULL, 'Điện - Điện tử - Điện lạnh', b'1', b'0'),
	(8, NULL, 'Giáo dục - Đào tạo', b'1', b'0'),
	(9, NULL, 'Hóa học - Hóa sinh', b'1', b'1'),
	(10, NULL, 'IT Phần cứng - Mạng', b'1', b'0'),
	(11, NULL, 'IT Phần mềm', b'1', b'1'),
	(12, NULL, 'Khai thác năng lượng - Khoáng sản - Địa chất', b'1', b'0'),
	(13, NULL, 'Kiến trúc - Thiết kế nội ngoại thất', b'1', b'1'),
	(14, NULL, 'Môi trường - Xử lý chất thải', b'1', b'1'),
	(15, NULL, 'Nông - Lâm - Ngư nghiệp', b'1', b'0'),
	(16, NULL, 'Sản xuất - Lắp ráp - Chế biến', b'1', b'1'),
	(17, NULL, 'Thiết kế - Sáng tạo nghệ thuật', b'1', b'1'),
	(18, NULL, 'Vận hành - Bảo trì - Bảo dưỡng', b'1', b'0'),
	(19, NULL, 'Vận Tải - Lái xe - Giao nhận', b'1', b'1'),
	(20, NULL, 'Xuất bản - In ấn', b'1', b'0'),
	(22, NULL, 'Chứng khoán', b'1', b'0'),
	(23, NULL, 'Dịch vụ khách hàng', b'1', b'0'),
	(24, NULL, 'Giáo dục / Đào tạo', b'1', b'0'),
	(25, NULL, 'Hàng hải', b'1', b'0'),
	(26, NULL, 'Hành chính / Thư ký', b'1', b'0'),
	(27, NULL, 'In ấn / Xuất bản', b'1', b'0'),
	(28, NULL, 'Kế toán / Kiểm toán', b'1', b'0'),
	(29, NULL, 'Ngân hàng', b'1', b'0'),
	(30, NULL, 'Nhà hàng / Khách sạn', b'1', b'0'),
	(31, NULL, 'Nhân sự', b'1', b'0'),
	(32, NULL, 'Nội ngoại thất', b'1', b'0'),
	(33, NULL, 'Phi chính phủ / Phi lợi nhuận', b'1', b'0'),
	(34, NULL, 'Quản lý chất lượng (QA/QC)', b'1', b'0'),
	(35, NULL, 'Quản lý điều hành', b'1', b'0'),
	(36, NULL, 'Quảng cáo / Đối ngoại / Truyền Thông', b'1', b'0'),
	(37, NULL, 'Sản xuất / Vận hành sản xuất', b'1', b'0'),
	(38, NULL, 'Thu mua / Vật tư', b'1', b'0');

-- Dumping structure for table portaljob.location
CREATE TABLE IF NOT EXISTS `location` (
  `id` int NOT NULL AUTO_INCREMENT,
  `name` varchar(255) CHARACTER SET utf8mb3 COLLATE utf8mb3_unicode_ci DEFAULT NULL,
  `status` bit(1) DEFAULT NULL,
  PRIMARY KEY (`id`)
) ENGINE=InnoDB AUTO_INCREMENT=17 DEFAULT CHARSET=utf8mb3 COLLATE=utf8mb3_unicode_ci;

-- Dumping data for table portaljob.location: ~15 rows (approximately)
DELETE FROM `location`;
INSERT INTO `location` (`id`, `name`, `status`) VALUES
	(1, 'Lào Cai', b'1'),
	(2, 'Hưng yên', b'1'),
	(3, 'Đà nẵng', b'1'),
	(4, 'Đồng Tháp', b'1'),
	(5, 'Thanh Hóa', b'1'),
	(6, 'Hải Phòng', b'1'),
	(7, 'Tây Ninh', b'1'),
	(9, 'Bắc Ninh', b'1'),
	(10, 'Phú Thọ', b'1'),
	(11, 'Nghệ An', b'1'),
	(12, 'Ninh Bình', b'1'),
	(13, 'Thành phố Đà Nẵng	', b'1'),
	(14, 'Thành phố Huế	', b'1'),
	(15, 'Tỉnh Đồng Nai		', b'1'),
	(16, 'Thành phố Hồ Chí Minh		', b'1');

-- Dumping structure for table portaljob.ourservice
CREATE TABLE IF NOT EXISTS `ourservice` (
  `id` int NOT NULL AUTO_INCREMENT,
  `comment` varchar(255) CHARACTER SET latin1 COLLATE latin1_swedish_ci DEFAULT NULL,
  `create_at` datetime(6) DEFAULT NULL,
  `file_name` varchar(255) CHARACTER SET latin1 COLLATE latin1_swedish_ci DEFAULT NULL,
  `status` bit(1) DEFAULT NULL,
  `title` varchar(255) CHARACTER SET utf8mb3 COLLATE utf8mb3_unicode_ci DEFAULT NULL,
  `update_at` datetime(6) DEFAULT NULL,
  PRIMARY KEY (`id`)
) ENGINE=InnoDB AUTO_INCREMENT=6 DEFAULT CHARSET=utf8mb3 COLLATE=utf8mb3_unicode_ci;

-- Dumping data for table portaljob.ourservice: ~4 rows (approximately)
DELETE FROM `ourservice`;
INSERT INTO `ourservice` (`id`, `comment`, `create_at`, `file_name`, `status`, `title`, `update_at`) VALUES
	(1, 'My cooment fff', '2024-06-18 03:54:42.353000', '1718683267830_Biden.jpg', b'1', 'Service 1 ', '2024-06-18 04:01:07.830000'),
	(2, 'fff', '2024-06-18 03:55:54.449000', '1718682954449_Gia-xang-dong-loat-tang.jpg', b'1', 'Service 2', NULL),
	(4, '', '2024-06-18 04:02:14.929000', '1718683334929_-metro-nhon-ga-ha-noi.jpg', b'1', 'Đào tạo tiếng Anh cấp tốc', '2024-06-18 04:17:12.635000'),
	(5, '', '2024-06-18 04:16:18.071000', '1718684178071_euro2024-BanhaCDV.png', b'1', 'Dịch vụ của chúng tôi', '2024-12-05 04:35:21.683000');

-- Dumping structure for table portaljob.product
CREATE TABLE IF NOT EXISTS `product` (
  `id` int NOT NULL AUTO_INCREMENT,
  `view_count` int DEFAULT NULL,
  `shortcontent` varchar(255) CHARACTER SET utf8mb3 COLLATE utf8mb3_unicode_ci DEFAULT NULL,
  `category` varchar(255) CHARACTER SET utf8mb3 COLLATE utf8mb3_unicode_ci DEFAULT NULL,
  `create_at` datetime(6) DEFAULT NULL,
  `content` longtext CHARACTER SET utf8mb3 COLLATE utf8mb3_unicode_ci,
  `image_file_name` varchar(255) CHARACTER SET utf8mb3 COLLATE utf8mb3_unicode_ci DEFAULT NULL,
  `title` varchar(255) CHARACTER SET utf8mb3 COLLATE utf8mb3_unicode_ci DEFAULT NULL,
  `update_at` datetime(6) DEFAULT NULL,
  PRIMARY KEY (`id`)
) ENGINE=InnoDB AUTO_INCREMENT=17 DEFAULT CHARSET=utf8mb3 COLLATE=utf8mb3_unicode_ci;

-- Dumping data for table portaljob.product: ~12 rows (approximately)
DELETE FROM `product`;
INSERT INTO `product` (`id`, `view_count`, `shortcontent`, `category`, `create_at`, `content`, `image_file_name`, `title`, `update_at`) VALUES
	(1, NULL, 'Tình hình nhân sự MU ở kỳ chuyển nhượng hè 2024 dự kiến sẽ có biến động lớn.\r\n', '3', '2024-05-28 07:02:53.083000', '<p>iền vệ Casemiro không được đăng kí thi đấu ở trận chung kết FA Cup. HLV Ten Hag cho biết ngôi sao người Brazil không đạt đủ 100% thể lực nên phải loại anh.&nbsp;</p><p>Theo tờ GOAL cho biết, Casemiro đã bị tổn thương khi biết bản thân không được thi đấu chung kết FA Cup. Điều này càng khiến cho khả năng&nbsp;tiền vệ sinh năm 1992 rời <a href="https://www.24h.com.vn/manchester-united-c48e1521.html">MU</a> ở kỳ chuyển nhượng hè 2024&nbsp;trở nên lớn hơn.&nbsp;</p><p>&nbsp;</p><figure class="image"><img src="https://icdn.24h.com.vn/upload/2-2024/images/2024-05-29/--qsadsa21-1716951023-928-width740height495.jpg" alt="Casemiro nghi có mâu thuẫn với HLV Ten Hag"></figure><p>&nbsp;</p><p><i>Casemiro nghi có mâu thuẫn với HLV Ten Hag</i></p><p>Đang có 3 đội bóng ở Ả Rập quan tâm chiêu mộ Casemiro. 3 CLB đó là&nbsp;Al Nassr, Al Ahli và Al Qasidiya. Thậm chí những đội bóng này sẵn sàng trả lương cao hơn mức 350.000 bảng/tuần mà MU đang để Casemiro hưởng.</p><p>MU từng mua Casemiro với mức giá 70 triệu bảng từ Real Madrid. Tuy nhiên hiện họ sẵn sàng bán ngôi sao này với con số chỉ rơi vào 30 triệu bảng.&nbsp;</p><p>Ở diễn biến khác, Greenwood đang được Dortmund và Real Madrid quan tâm sau khi anh nói lời chia tay Getafe. Trên lý thuyết Greenwood sẽ trở về MU, tuy nhiên "Quỷ đỏ" xác định ngôi sao sinh năm 2001 không có tương lai ở <a href="https://www.24h.com.vn/manchester-united-c48e1521.html">Old Trafford</a>. Lý do bởi anh vẫn đang hứng chịu làn sóng tẩy chay dữ dội.</p><figure class="image"><img src="https://icdn.24h.com.vn/upload/2-2024/images/2024-05-29/r3wedsssds-1716951074-812-width740height495.jpg" alt="Greenwood chia tay Getafe sau mùa giải chơi khá ấn tượng"></figure><p><i>Greenwood chia tay Getafe sau mùa giải chơi khá ấn tượng</i></p><p>Giám đốc thể thao Dortmund, ông Sebastian Kehl đã không loại trừ khả năng chiêu mộ Greenwood: "Chúng tôi có kế hoạch ở mùa giải tới và đã vẽ ra nhiều kịch bản. Nhưng tôi chưa muốn nói về điều đó ở hiện tại.&nbsp;Trước tiên Dortmund sẽ tập trung vào trận chung kết Cúp <a href="https://www.24h.com.vn/cup-c1-champions-league-c153.html">C1</a> gặp Real Madrid".</p><p>Dortmund muốn Sancho ở lại nhưng điều khoản mượn ngôi sao này có thêm tùy chọn mua đứt. Do vậy, Dortmund tính tới phương án chiêu mộ Greenwood để thay Sancho. Mức phí chuyển nhượng mà "Quỷ đỏ" đòi hỏi cho thương vụ Greenwood chỉ rơi vào 40 triệu bảng.</p>', '1717086343693_3129_102339_0.jpg', 'Casemiro "dỗi" Ten Hag vì chung kết FA Cup, Greenwood chờ thay vvv ', '2024-06-05 03:50:27.721000'),
	(2, 5, '“Có một khe hở, tôi dùng tay ghì vào thành xe, một tay bẩy cửa tạo khoảng trống để cô giáo chui vào trong ô tô”, anh Thái kể.\r\n', '2', '2024-05-30 14:46:38.846000', '<figure class="image"><img src="https://icdn.24h.com.vn/upload/2-2024/images/2024-05-30/Vu-tre-mam-non-tu-vong-tren-xe-dua-don-Nguoi-pha-cua-o-to-ke-lai-phut-tim-thay-nan-nhan-anh-1--56--1717082716-206-width2048height1536.jpeg" alt="Ngôi trường bé H theo học"></figure><p><i>Ngôi trường bé H theo học</i></p><p>Liên quan đến sự việc bé T.G.H&nbsp;(5 tuổi, ở huyện Vũ Thư, Thái Bình) tử vong trên xe đưa đón, ngày 30/5, anh Nguyễn Ngọc Thái (37 tuổi, ở Thái Bình) cho biết, anh là người trực tiếp cạy cửa để cô giáo vào trong ô tô bế bé H ra ngoài.</p><p>Anh Thái kể, ngày 29/5, Trường mầm non Hồng Nhung cơ sở 2&nbsp;tổng kết năm học nên học sinh về muộn hơn so với mọi ngày. Gần 18h, anh H đến đón con tại trường thì thấy 2 cô giáo đang cậy cửa ô tô.</p><p>Anh Thái lại xem có chuyện gì và được các cô cho biết có học sinh ở trong ô tô. Anh đạp cửa ô tô 4-5 lần nhưng không được.</p><p>“Có một khe hở, tôi dùng tay ghì vào thành xe, một tay bẩy cửa tạo khoảng trống để cô giáo chui vào trong ô tô được",&nbsp;anh Thái kể.</p><p>Anh Thái rụng rời chân tay khi nhìn thấy cháu H tím tái, tay có vết rớm máu. Cháu bé sau đó được đưa đến bệnh viện.</p>', '1717084535681_casemino.jpg', 'Vụ trẻ mầm non tử vong trên xe đưa đón: Người phá cửa ô tô kể lại phút tìm thấy nạn nhân', '2024-05-31 02:12:04.603000'),
	(4, 7, 'HLV của MU sẽ phải đáp ứng thêm một số nguyên tắc từ tỷ phú Jim Ratcliffe.\r\n', '1', '2024-05-30 15:01:38.618000', '<p>Hiện vẫn chưa rõ HLV Ten Hag có được tiếp tục gắn bó với <a href="https://www.24h.com.vn/manchester-united-c48e1521.html">MU</a> ở mùa giải 2024/25 hay không. Ban lãnh đạo "Quỷ đỏ" vẫn đang trong quá trình đánh giá lại mùa giải 2023/24.</p><p>Theo tờ The Sun tiết lộ, cho dù HLV Ten Hag có tiếp tục gắn bó với MU hay không thì người ngồi ghế HLV trưởng tại sân <a href="https://www.24h.com.vn/manchester-united-c48e1521.html">Old Trafford</a> sẽ phải thực hiện một số nguyên tắc mới.&nbsp;</p><p>&nbsp;</p><figure class="image"><img src="https://icdn.24h.com.vn/upload/2-2024/images/2024-05-29/e3wdsaasa2-1716970718-202-width740height495.jpg" alt="Tỷ phú&amp;nbsp;Ratcliffe đang có những động thái để thay đổi toàn diện MU"></figure><p><i>Tỷ phú&nbsp;Ratcliffe đang có những động thái để thay đổi toàn diện MU</i></p><p>Đầu tiên, HLV phải chấp nhận rằng cầu thủ mới khi chiêu mộ về phải ở tuổi dưới 25. Tỷ phú&nbsp;Ratcliffe muốn đội hình MU phải trẻ hơn, mạnh hơn và nhanh hơn.&nbsp;</p><p>Nguyên tắc&nbsp;thứ 2 là MU sẽ không chi tiền cho những gương mặt thuộc dạng "cộm cám" trên <a href="https://www.24h.com.vn/tin-chuyen-nhuong-c53.html">thị trường chuyển nhượng</a>. Thay vào đó, những cái tên thuộc dạng tài năng trẻ sẽ được ưu tiên chiêu mộ.&nbsp;</p><p>Sang đến nguyên tắc thứ 3, HLV MU không được toàn quyền quyết định cách chơi. Thay vào đó nhà cầm quân&nbsp;phải tìm cách để CLB thi đấu theo phong cách mà giám đốc kỹ thuật Jason Wilcox đề ra.&nbsp;</p><p>Đến nguyên tắc thứ 4, HLV trưởng sẽ được hỏi xem vị trí nào trong đội hình cần bổ sung nhân sự chứ không được chọn cầu thủ mà mình muốn. Còn ở nguyên tắc cuối cùng, HLV sẽ được chọn cầu thủ ưa thích&nbsp;từ danh sách 3 người cho mỗi vị trí mà ban lãnh đạo MU đưa ra.&nbsp;</p><p>Ở diễn biến khác, Jarrad Branthwaite là một trong những cái tên đang được MU theo sát. Hậu vệ thuộc biên chế Everton dự kiến sẽ trở thành phương án thay thế xứng đáng cho vị trí mà Varane để lại.&nbsp;</p><figure class="image"><img src="https://icdn.24h.com.vn/upload/2-2024/images/2024-05-29/3wqsdadaas-1716970777-552-width740height495.jpg" alt="Liệu MU có thể sớm chiêu mộ&amp;nbsp;Branthwaite?"></figure><p><i>Liệu MU có thể sớm chiêu mộ&nbsp;Branthwaite?</i></p><p>Hiện tình hình tài chính của Everton không hề tốt. Do vậy tỷ phú&nbsp;Ratcliffe đang lợi dụng tình thế đó để ép giá&nbsp;Branthwaite xuống còn 40 triệu bảng. Ban đầu, Everton định giá cầu thủ người Anh ở mức 80 triệu bảng</p>', '1717083259603_Ratcliffe.jpg', 'Tỷ phú Ratcliffe ra 5 nguyên tắc khắt khe cho HLV MU, ép giá vụ Branthwaite', '2024-05-30 16:50:34.318000'),
	(5, 8, 'Chính quyền quân sự Myanmar đã mất quyền kiểm soát nhiều vùng đất rộng lớn, nhất là những vùng biên giới giáp quốc gia khác, trong khi các lực lượng vũ trang mở rộng và củng cố phạm vi hoạt động, hai báo cáo đánh giá về tình hình Myanmar cho biết.\r\n', '2', '2024-05-30 15:11:11.814000', '<p><br>&nbsp;</p><figure class="image"><img src="https://icdn.24h.com.vn/upload/2-2024/images/2024-05-30/1717062595-myanmar-1-4812-width645height430.jpg" alt="Các thành viên của nhóm nổi dậy KLNA tuần tra trên con đường ở thị trấn Myawaddy, khu vực giáp biên giới với Thái Lan, ngày 15/4. (Ảnh: Reuters)"></figure><p><i>Các thành viên của nhóm nổi dậy KLNA tuần tra trên con đường ở thị trấn Myawaddy, khu vực giáp biên giới với Thái Lan, ngày 15/4. (Ảnh: Reuters)</i></p><p>Quốc gia 55 triệu dân trở nên rối ren từ tháng 2/2021, khi quân đội lật đổ chính phủ dân cử của bà Aung San Suu Kyi, dẫn đến một làn sóng biểu tình rầm rộ kéo dài.</p><p>Các cuộc biểu tình trên đường phố biến thành phong trào nổi dậy vũ trang, kết hợp với một số nhóm vũ trang sắc tộc để tạo nên thách thức lớn nhất đối với quân đội Myanmar trong mấy thập kỷ.</p><p>Trong báo cáo đưa ra hôm nay (30/5), Hội đồng Cố vấn đặc biệt cho Myanmar (SAC-M) nói rằng chính quyền quân sự không nắm quyền kiểm soát hiệu quả đất nước, đã đánh mất hoàn toàn quyền quản lý ở các thị trấn nằm trên 86% lãnh thổ, nơi sinh sống của 67% dân số quốc gia.</p><p>“Chính quyền quân sự Myanmar không kiểm soát đủ lãnh thổ của quốc gia để thực hiện những nghĩa vụ cốt lõi của nhà nước”, SAC-M viết trong báo cáo.</p><p>SAC-M là một nhóm chuyên gia quốc tế độc lập ra đời sau cuộc đảo chính để hỗ trợ nỗ lực đưa dân chủ quay lại với Myanmar.</p><p>“Chính quyền quân sự đã từ bỏ phần lãnh thổ đáng kể và buộc phải trở về thế phòng thủ ở hầu hết các phần của đất nước nơi họ vẫn có hiện diện”, báo cáo viết.</p><figure class="image"><img src="https://icdn.24h.com.vn/upload/2-2024/images/2024-05-30/1717062595-myanmar-2-7870-width645height506.jpg" alt="Myanmar tiếp giáp với 4 quốc gia."></figure><p><i>Myanmar tiếp giáp với 4 quốc gia.</i></p><p>Chiến dịch 1027 của 3 nhóm vũ trang sắc tộc đã tạo nên bước ngoặt cho nỗ lực kháng chiến, khiến quân đội để lộ điểm yếu và phải từ bỏ những vùng đất rộng lớn ở biên giới phía bắc.</p><p>Hàng loạt cuộc tấn công của lực lượng nổi dậy đã đẩy quân đội chính quyền khỏi vùng biên giới với Thái Lan, kéo lên vùng biên giới giáp Trung Quốc.</p><p>“Các nhóm vũ trang sắc tộc sau khi giành nhiều chiến thắng quân sự đang củng cố quyền kiểm soát ở địa bàn của họ mở rộng ra, nhiều nơi đang trên đà thành lập chính quyền tự trị”, tổ chức phi chính phủ Crisis Group viết trong báo cáo.</p><p>Theo Crisis Group, tổn thất ngày càng lớn của quân đội và tình trạng mất tinh thần trong cả quân lính và giới thượng lưu ở thủ đô Naypyidaw gây áp lực lên nhà lãnh đạo Min Aung Hlaing, dù ông vẫn có đội ngũ sĩ quan trung thành ủng hộ.</p><p>Cả hai báo cáo đều cho rằng, khi chính quyền quân sự mất quyền kiểm soát gần như toàn bộ biên giới của đất nước trong khi một số tổ chức ngoài nhà nước sẽ mở rộng, các quốc gia láng giềng, tổ chức khu vực và cộng đồng quốc tế nên mở rộng trao đổi với các nhóm kháng chiến.</p><p>Theo Liên Hợp Quốc, số lượng người dân Myanmar di tản trong nước đã lên mức cao kỷ lục, với hơn 3 triệu người buộc phải rời bỏ nhà cửa vì xung đột leo thang.</p><p>“Cộng đồng quốc tế phải hiểu thực tế này, cần làm việc trực tiếp với các tổ chức kháng chiến và xã hội dân sự để cung cấp viện trợ và hỗ trợ khẩn cấp cho người dân Myanmar”, Yanghee Lee, một trong những thành viên sáng lập SAC-M, khuyến nghị.</p>', '1717087984404_myanmar.jpg', 'Chính quyền quân sự Myanmar suy yếu sau khi mất nhiều địa bàn quan trọng', '2024-05-31 03:44:40.936000'),
	(6, NULL, 'Nga cảnh báo việc Mỹ triển khai tên lửa tầm trung và tầm ngắn phóng từ mặt đất đến châu Âu hoặc châu Á-Thái Bình Dương sẽ buộc Moscow có "biện pháp răn đe bổ sung trong lĩnh vực hạt nhân".', '1', '2024-05-30 15:14:11.997000', '<p>Trong cuộc phỏng vấn với RiaNovosti đăng tải hôm nay (30/5), Ngoại trưởng <a href="https://www.24h.com.vn/tin-tuc-nga-c415e3808.html">Nga</a> Sergei Lavrov đề nghị Mỹ không triển khai&nbsp;tên lửa mặt đất tầm ngắn và tầm trung đến khu vực châu Âu hoặc châu Á-Thái Bình Dương sau khi Hiệp ước Các lực lượng Hạt nhân Tầm trung (INF) sụp đổ.</p><figure class="image"><img src="https://icdn.24h.com.vn/upload/2-2024/images/2024-05-30/1717061000-f902339e_b1e2_4124_ad9b_a4e3f85f-1717054104314-width660height440.jpg" alt="Tên lửa rời bệ phóng trong một cuộc tập trận của Nga. Ảnh: TASS"></figure><p><i>Tên lửa rời bệ phóng trong một cuộc tập trận của Nga. Ảnh: TASS</i></p><p>"Chúng tôi không loại trừ các biện pháp răn đe bổ sung trong lĩnh vực hạt nhân&nbsp;nếu Mỹ làm vậy, bởi vì tên lửa Mỹ (nếu được triển khai) có thể bao phủ các sở chỉ huy và địa điểm bố trí lực lượng hạt nhân Nga", ông Lavrov nêu rõ.</p><p>Đáng chú ý, ông Lavrov cảnh báo, việc Mỹ đưa tên lửa mặt đất tầm trung và tầm ngắn đến châu Âu hoặc châu Á-Thái Bình Dương sẽ "tạo thách thức an ninh nghiêm trọng không chỉ cho Nga mà còn Trung Quốc". "Chúng tôi và các đối tác <a href="https://www.24h.com.vn/tin-tuc-trung-quoc-c415e3782.html">Trung Quốc</a> nhất trí phản đối hành động như vậy", ông nói thêm.</p><p>Theo RiaNovosti, tuyên bố của Ngoại trưởng Lavrov được đưa ra sau khi chỉ huy lực lượng mặt đất của Mỹ ở khu vực Thái Bình Dương Charles Flynn hồi tháng 4/2024 đề cập việc Washington có thể triển khai tên lửa tầm trung ở khu vực Ấn Độ Dương-Thái Bình Dương trong thời gian tới.</p><p>Hiệp ước INF được Mỹ ký với Liên Xô từ năm 1987, cấm hai bên phát triển và triển khai các loại tên lửa hành trình phóng từ mặt đất có tầm bắn từ 500 - 5.500 km. Năm 2019, Mỹ dưới thời cựu Tổng thống Donald Trump rút khỏi INF này với cáo buộc Nga vi phạm văn kiện. Moscow bác bỏ cáo buộc và cũng rời khỏi&nbsp;INF để đáp trả.</p><p>Sau khi INF sụp đổ, Nga cam kết duy trì việc không triển khai các&nbsp;tên lửa bị INF cấm. Nước này cùng Trung Quốc cảnh <a href="https://www.24h.com.vn/tin-tuc-my-c415e5242.html">báo Mỹ</a> không triển khai tên lửa tầm trung phóng từ mặt đất tại khu vực châu Á- Thái Bình Dương, hoặc hai nước sẽ phải triển khai các biện pháp tương ứng để đáp trả.</p><p>Đầu tháng 5/2024, Bộ Ngoại giao Nga tuyên bố&nbsp;Moscow có thể dỡ bỏ các hạn chế liên quan đến tên lửa tầm trung nếu "các hệ thống vũ khí như vậy của Mỹ xuất hiện ở bất cứ đâu trên thế giới".</p>', '1717082339267_kkk.jpg', 'Sau tuyên bbbố của Mỹ, Nga cảnh báo có "biện pháp răn đe bổ sung trong lĩnh vực hạt nhân"', '2024-05-30 17:18:15.901000'),
	(7, 6, 'Dự án Khoai mì bền vững do Ajinomoto Việt Nam triển khai giúp năng suất khoai mì tăng từ 21 tấn/ha lên gần 40 tấn/ ha khoai mì, hàm lượng tinh bột cao hơn, giúp nông dân tăng thu nhập và ổn định cuộc sống.', '1', '2024-05-30 15:21:46.265000', '<p><strong>Giống kém chất lượng ảnh hưởng đến năng suất cây khoai</strong></p><figure class="image"><img src="https://icdn.24h.com.vn/upload/2-2024/images/2024-05-30/image5-1717056697-971-width2048height1365.jpg" alt="Nông dân tại Bình Phước đang thu hoạch khoai mì."></figure><p><i>Nông dân tại Bình Phước đang thu hoạch khoai mì.</i></p><p>"Khi trồng khoai mì theo phương pháp truyền thống, gia đình tôi thường xuyên phải đối mặt với tình trạng năng suất cây khoai thấp do giống kém chất lượng, sâu bệnh hại, sử dụng phân bón hóa học kéo dài, và đặc biệt là ảnh hưởng của bệnh khảm lá khiến năng suất giảm mạnh từ 40-50%, thu nhập của gia đình tôi bị ảnh hưởng nghiêm trọng.” - ông Nguyễn Hoàng Sơn, nông dân trồng khoai mì tại Bình Phước, chia sẻ.</p><p>Khoai mì là giống cây chủ lực, có giá trị kinh tế cao, được trồng rộng rãi ở nhiều tỉnh thành khu vực Đông Nam Bộ và trên cả nước, đặc biệt tại các tỉnh Bình Phước, Tây Ninh, Đồng Nai… có diện tích trồng và sản lượng khoai mì lớn. Việc thiếu đi những giải pháp nông nghiệp cho giống cây này khiến đời sống người nông dân trồng khoai mì thêm khó khăn, vất vả.</p><figure class="image"><img src="https://icdn.24h.com.vn/upload/2-2024/images/2024-05-30/image6-1717056697-807-width2048height1364.jpg" alt="Dự án Khoai mì bền vững của Ajinomoto đã giúp nông dân vượt qua cảnh mất mùa."></figure><p><i>Dự án Khoai mì bền vững của Ajinomoto đã giúp nông dân vượt qua cảnh mất mùa.</i></p><p>Nhận biết được những khó khăn của người nông dân trồng khoai mì theo phương pháp truyền thống, Ajinomoto Việt Nam đã phối hợp cùng các trung tâm nghiên cứu nông nghiệp, các nhà khoa học nghiên cứu và triển khai dự án Khoai mì bền vững từ tháng 4/2023.</p><p>Dự án cung cấp giống mới kháng bệnh khảm lá cho người nông dân, hướng dẫn kỹ thuật canh tác tiên tiến cùng áp dụng công nghệ nhằm theo dõi quá trình sinh trưởng của cây khoai. Dự án được triển khai trên diện tích 78,6 ha khoai mì, thuộc 18 hộ nông dân tại 4 tỉnh Đồng Nai, Bình Phước, Tây Ninh và Bà Rịa Vũng Tàu.</p><p><strong>Thực hành nông nghiệp bền vững, cải thiện đời sống cho người dân</strong></p><p>Ajinomoto Việt Nam đã phối hợp với Trung tâm Nghiên cứu Nông nghiệp Hưng Lộc cung cấp giống mới HN1 kháng bệnh khảm lá cho người nông dân. Bên cạnh đó, yếu tố then chốt giúp tăng năng suất khoai mì còn nằm ở kỹ thuật canh tác tiên tiến, phù hợp với giống mới HN1. Trong quá trình triển khai Dự án, người nông dân được cán bộ dự án hướng dẫn kỹ thuật làm đất, gieo trồng, bón phân và quản lý sâu bệnh hại một cách khoa học.</p>', '1717086439437_khoaimy.jpg', 'Nông dân trồng khoai mì phấn khởi khi năng suất tăng gấp đôi nhờ kỹ thuật canh tác từ Ajinomoto Việt Nam', '2024-05-31 17:37:00.003000'),
	(11, NULL, 'Những thông điệp cảnh báo qua lại giữa Nga và phương Tây ngày càng nặng nề, cùng với đó vấn đề hạt nhân đang trở thành mối lo thực sự.', '3', '2024-05-31 02:17:34.698000', '<p>Hôm 29-5, báo chí quốc tế bất ngờ dành sự chú ý cho bài viết của chuyên gia Nga Dmitry Suslov, thành viên của Hội đồng Chính sách đối ngoại và quốc phòng - một trung tâm cố vấn có trụ sở ở Matxcơva.</p><p>Ông Suslov đề xuất Nga nên cho nổ một quả bom hạt nhân để thị uy, nhắc nhở phương Tây về hậu quả có thể xảy ra nếu họ vượt "lằn ranh đỏ" trong vấn đề Ukraine.</p><h2>Nga sẽ thử nghiệm hạt nhân?</h2><p>Ngoài việc trung tâm của ông Suslov được cho là có ảnh hưởng không nhỏ tới các quyết định của Điện Kremlin, ý kiến của chuyên gia này thu hút sự chú ý đặc biệt khi từ "hạt nhân" đang là chủ đề nhạy cảm.</p><p>Trước đó chỉ một ngày, Tổng thống Nga Vladimir Putin đã có thông điệp gửi Tổ chức Hiệp ước Bắc Đại Tây Dương (NATO). Trong đó, ông phản đối một số quan điểm ủng hộ Ukraine dùng vũ khí tầm xa tấn công lãnh thổ Nga, cảnh báo NATO đang "đùa với lửa" vì đây sẽ là diễn biến có thể dẫn tới một cuộc đụng độ trực tiếp giữa Nga và NATO, gây xung đột toàn cầu và gia tăng nguy cơ chiến tranh hạt nhân.</p><p>Lâu nay, phương Tây và NATO nói riêng khá cẩn trọng khi đề cập tới chuyện gửi vũ khí tầm xa cho Ukraine, lo ngại Kiev sẽ sử dụng "vũ khí phương Tây cung cấp" để tấn công lãnh thổ Nga. Nhưng vài tuần qua, báo chí đã liên tục nhắc tới một sự thay đổi trong cách tiếp cận này.</p><p>Sau khi lãnh đạo Pháp và Đức nhất trí rằng Ukraine "nên" được cho phép tấn công các mục tiêu quân sự trên đất Nga, đến lượt hai quan chức cấp cao trong chính quyền Tổng thống Mỹ Joe Biden cũng lấp lửng về khả năng làm điều tương tự.</p><p>Trên thực tế, đây là cách hiểu của báo giới khi Ngoại trưởng Mỹ Antony Blinken bị phóng viên "ép" trả lời về vấn đề này. Ông cho rằng Washington phải "thích nghi khi các điều kiện thay đổi, chiến trường thay đổi và Nga cũng thay đổi".</p><p>Sự thay đổi được đề cập nằm ở thực tế Nga tiếp tục có những bước tiến ở Ukraine, đặc biệt vùng Kharkov. Nếu chỉ cung cấp vũ khí cho Ukraine như những gì diễn ra từ năm 2022 tới nay, sớm muộn gì Kiev cũng khó trụ vững.</p><p>Theo trang Politico, chính quyền ông Biden bị châu Âu và Ukraine gây sức ép để xóa bỏ hạn chế và cho phép Ukraine tấn công trên đất Nga nhằm vô hiệu hóa cơ sở quân sự của các lực lượng Nga.</p><p>Khi phương Tây gia tăng sức ép lên Nga, một số ý kiến đang nghiêng theo hướng Nga thực sự có khả năng sắp cho nổ bom thị uy hoặc ít nhất thực hiện một cuộc tập trận dùng vũ khí hạt nhân chiến thuật.</p><h2>Ông Putin nói là làm?</h2><p>Theo ý kiến của chuyên gia Nga Suslov, việc nổ bom thị uy sẽ tạo hiệu ứng chính trị và tâm lý đủ tốt để nhắc nhở phương Tây. Vị này lập luận rằng khi quả cầu khói hình nấm của bom hạt nhân được chiếu trên truyền hình khắp thế giới, các đối thủ của Nga hẳn được gợi nhớ về học thuyết răn đe hạt nhân vốn từng góp phần lớn chấm dứt mong muốn chiến tranh của các siêu cường cách đây gần 80 năm.</p><p>Hiện nay, giới quan sát đánh giá Nga và đặc biệt cá nhân ông Putin đều muốn phát thông điệp rằng Matxcơva sẵn sàng leo thang. Và mức độ leo thang của Nga gần như không có giới hạn, bởi cái gọi là "lời cảnh báo của Putin" ngày càng cho thấy nó không chỉ mang ý nghĩa dọa nạt.</p><p>&nbsp;</p><p>Khi đưa quân vào Ukraine tháng 2-2022, ông Putin khẳng định động thái này xuất phát từ việc NATO đã nhiều năm phớt lờ các cảnh báo của Nga khi mở rộng về phía đông. Khi Nga tiến đánh vùng Kharkov vài tháng gần đây, ông Putin tiếp tục đổ lỗi cho phương Tây vì đã bỏ qua cảnh báo của Nga về việc đừng để Ukraine tấn công vào các phần lãnh thổ Nga (ví dụ Belgorod).</p><p>Chính vì vậy, đối với giới làm chính sách phương Tây, "lời cảnh báo của Putin" liên quan tới chuyện NATO đưa lính tới Ukraine hoặc cho phép Ukraine nã tên lửa sang Nga không thể bị xem nhẹ.</p><p>Điều nguy hiểm nữa nằm ở chỗ vũ khí hạt nhân là phương án cuối cùng khi căng thẳng đã chạm đỉnh. Khi Nga bắt đầu phát tín hiệu cho nổ bom hạt nhân, những người yêu hòa bình và ngại chiến tranh có thể không dám tưởng tượng kịch bản leo thang nào cao hơn nữa. Hiện nay Nga và Mỹ đều đã rút khỏi các hiệp ước hạn chế hạt nhân.</p><p>&nbsp;</p><p>"Điện Kremlin dường như đang đi theo con đường do một số chuyên gia diều hâu của Nga phát tín hiệu và không thể loại trừ khả năng họ đang chuẩn bị cho nhiều bước leo thang khác" - Pavel Podvig, chuyên gia nghiên cứu hạt nhân Nga, viết trên European Leadership Network (trụ sở ở Anh) về chuyện Nga muốn thử nghiệm vũ khí hạt nhân chiến thuật.</p><p>Nếu Nga thực sự sử dụng răn đe hạt nhân, phương Tây sẽ khó đưa ra sự đáp trả thích đáng. Ông Podvig cho rằng cách tốt nhất là phải ngăn Nga phát thông điệp leo thang. Điều này có thể được thực hiện thông qua nỗ lực phản đối đe dọa hạt nhân, gây áp lực chính trị lên Matxcơva.</p><h3>Châu Á cũng phải lo</h3><p>Phát biểu trong cuộc phỏng vấn với Hãng thông tấn RIA ngày 30-5, Ngoại trưởng Nga Sergei Lavrov cho biết Matxcơva có thể thực hiện một số bước răn đe hạt nhân nếu Mỹ triển khai tên lửa tầm trung và ngắn ở châu Âu và châu Á.</p><p>Trước đó vào tháng 4, Mỹ lên kế hoạch đưa tên lửa tới Ấn Độ Dương - Thái Bình Dương nhằm đáp trả "việc quân sự hóa ngày càng gia tăng" của Trung Quốc. Nhưng theo ông Lavrov, Nga không loại trừ các bước răn đe hạt nhân bổ sung, vì với động thái trên của Mỹ, các trung tâm chỉ huy và địa điểm hạt nhân của Nga sẽ rơi vào tầm bắn của Mỹ</p>', '1717121854698_nga-putin-69.jpg', 'Phương Tây tăng sức ép, Nga thật sự sẽ cho nổ bom hạt nhân?', NULL),
	(14, NULL, 'MU có nguy cơ không được tham dự Europa League mùa tới nếu tỷ phú Sir Jim Ratcliffe không đáp ứng được quy định sở hữu nhiều câu lạc bộ của UEFA.\r\n', '4', '2024-05-31 02:30:16.873000', '<p>Trên podcast Sky Sports’ Back Pages, nhà báo John Cross của Mirror phân tích: “Điều tôi muốn nói là, những ồn ào từ UEFA và chủ tịch Aleksander Ceferin trong thời gian gần đây, họ đã nói rõ rằng họ phải đổi mới theo thời đại và phải thực tế. Quyền sở hữu nhiều câu lạc bộ là con đường phía trước của nhiều doanh nhân lớn và nhiều đội bóng lớn.</p><p>&nbsp;</p><figure class="image"><img src="https://icdn.24h.com.vn/upload/2-2024/images/2024-05-30/Vu-MU-nguy-co-bi-cam-du-Europa-League-Chuyen-gia-bao-tin-vui-cho-4-1717062996-932-width740height441.jpg" alt="Tỷ phú&amp;nbsp;Ratcliffe sẽ phải thuyết phục UEFA để cả MU lẫn Nice cùng được dự Europa League mùa tới"></figure><p><i>Tỷ phú&nbsp;Ratcliffe sẽ phải thuyết phục UEFA để cả </i><a href="https://www.24h.com.vn/manchester-united-c48e1521.html"><i>MU</i></a><i> lẫn Nice cùng được dự </i><a href="https://www.24h.com.vn/europa-league-c48e4044.html"><i>Europa</i></a><i> League mùa tới</i></p><p>UEFA có thể sẽ tìm ra sự điều chỉnh về lâu dài trong tương lai, ngay cả khi họ phải tìm kiếm sự thỏa hiệp. MU có khoảng một tuần để thuyết phục UEFA và tôi cá rằng MU sẽ làm được. MU, một trong những đội bóng lớn nhất thế giới, sẽ là một sức hút rất lớn cho thể thức mới của UEFA. Thể thức mới bao gồm một chút cải tiến và diện mạo mới cho Europa League. Đó là một giải đấu mà UEFA sẽ không muốn mất MU”.</p><p>Như The Telegraph đã đưa tin, tập đoàn INEOS của tỷ phú Ratcliffe có thời hạn đến ngày 3/6 để thuyết phục UEFA rằng cả MU và Nice đều được phép tham dự Europa League mùa giải tới. Sau đó, một hội đồng độc lập sẽ đưa ra phán quyết trước khi các vòng loại Europa League bắt đầu vào tháng Bảy.</p><p>Tập đoàn INEOS của Ratcliffe hiện sở hữu toàn bộ cổ phần ở Nice sau khi hoàn tất thương vụ tiếp quản đội bóng nước Pháp trị giá 88,77 triệu bảng vào năm 2019. Tỷ phú người Anh cũng đang sở hữu 27,7% cổ phần ở MU. Trong khi đó, ngưỡng UEFA áp dụng vi phạm quy tắc sở hữu nhiều CLB là 30%.</p><p>Mặc dù chỉ đứng thứ 8 ở Ngoại hạng Anh, MU vẫn đủ điều kiện tham dự Europa League mùa tới nhờ chức vô địch FA Cup. Vấn đề là Nice, đội bóng khác thuộc sở hữu của Ratcliffe, đứng thứ 5 ở Ligue 1 và cũng đủ điều kiện tham dự Europa League. Trong trường hợp xấu nhất, MU sẽ bị đẩy xuống chơi Europa Conference League, còn Nice tham dự Europa League nhờ giành được vị trí cao hơn ở giải quốc nội.</p><p>Đã có những trường hợp tương tự MU và thuyết phục UEFA thành công ở mùa giải 2023/24, trong đó có Aston Villa và Brighton. Chủ sở hữu của hai đội bóng Anh&nbsp;đã phải thay đổi quyền kiểm soát của họ tại Vitoria Guimaraes của Bồ Đào Nha và Union Saint Gilloise của Bỉ.</p><p>Tập đoàn City Football Group (CFG) cũng phải đối mặt với vấn đề tương tự ở mùa giải tới sau khi cả Man City lẫn Girona đều đủ điều kiện tham dự <a href="https://www.24h.com.vn/cup-c1-champions-league-c153.html">Champions League</a>. CFG đã được UEFA thông báo rằng họ có thể bán cổ phần của một trong hai câu lạc bộ cho bên thứ ba, điều đó có nghĩa là CFG sẽ giảm hơn 1/3 cổ phần ở Girona.</p>', '1717122616873_Ratcliffe .jpg', 'Vụ MU nguy cơ bị cấm dự Europa League: Vì sao UEFA không muốn mất "Quỷ đỏ"?', '2024-05-31 16:59:55.356000'),
	(15, NULL, 'Griezmann bỗng trở thành mục tiêu chuyển nhượng với mức giá rất hấp dẫn hè này.', '4', '2024-05-31 02:33:35.736000', '<p>Đã có nhiều ngôi sao tên tuổi được nhắc đến với khả năng họ chuyển đội trong thị trường chuyển nhượng hè 2024. Nhưng không ai nhắc đến Antoine Griezmann, cho tới gần đây khi báo chí Tây Ban Nha bất ngờ đưa tin về khả năng anh rời <a href="https://www.24h.com.vn/atletico-madrid-c48e4449.html">Atletico Madrid</a> với giá khá rẻ.</p><p>&nbsp;</p><figure class="image"><img src="https://icdn.24h.com.vn/upload/2-2024/images/2024-05-30/2024-05-30_23-52-43-495-1717088026-73-width740height495.jpg" alt="Griezmann sẽ chỉ có giá 15 triệu euro mùa hè này, mang lại cơ hội hỏi mua từ nhiều CLB"></figure><p>&nbsp;</p><p>&nbsp;</p><p><i>Griezmann sẽ chỉ có giá 15 triệu euro mùa hè này, mang lại cơ hội hỏi mua từ nhiều CLB</i></p><p>Tờ AS cho biết Griezmann sẽ có mức giá chỉ 15 triệu euro trong mùa hè này. Lý do là bởi trong điều khoản hợp đồng giữa Griezmann với Atletico, hai bên đã thòng vào điều khoản cho phép mức phí thanh lý hợp đồng của anh giảm xuống con số đó khi anh kết thúc mùa thứ 2 trong hợp đồng. Đây được coi là một cách để mở lối thoát cho cả hai bên nếu cảm thấy không còn muốn tiếp tục.</p><p>Điều đó khiến các CLB châu Âu và cả ở Mỹ đã nhảy vào cuộc đua giành chữ ký của Griezmann. Chân sút người Pháp ở tuổi 33 đã tỏa sáng trở lại sau khi quay về Atletico, mùa qua anh ghi 16 bàn &amp; 6 kiến tạo để tiếp tục đứng trong hàng ngũ những ngôi sao tấn công hiệu quả nhất châu Âu. Và anh sắp tới sẽ lại được trông cậy ở ĐT Pháp tại EURO 2024, thậm chí vai trò tiền vệ khi đá tuyển được xem là sẽ giúp Griezmann duy trì phong độ dù già đi.</p><p>Và AS cho biết đã có 2 đội bóng lớn xuất hiện trước cửa nhà Griezmann: PSG và Inter Milan. PSG đã từng muốn Griezmann về Pháp thi đấu trong quá khứ nhưng bị từ chối vì anh quá quen với cuộc sống ở TBN từ thời còn đá cho Sociedad. Giờ PSG trở lại với hy vọng Griezmann sẽ thế chỗ Kylian Mbappe về mặt hình ảnh chứ không chỉ riêng về chuyên môn.</p><p>Inter Milan theo đuổi các ngôi sao già với mức giá thấp là chiến lược gần đây của CLB này do ít tiền, và Griezmann hợp với chiến lược đó. Chưa kể họ đang có thể đối mặt với một biến động nhân sự ở hàng công: Cuộc đàm phán gia hạn với Lautaro Martinez đã đình trệ do Lautaro đòi mức lương rất cao, ngang hàng những chân sút hàng đầu châu Âu.</p><figure class="image"><img src="https://icdn.24h.com.vn/upload/2-2024/images/2024-05-30/koke-griezmann-york-foto-nba-740-1717088049-698-width740height461.jpg" alt="Griezmann mỗi khi sang Mỹ lại đi xem các trận bóng rổ NBA"></figure><p><i>Griezmann mỗi khi sang Mỹ lại đi xem các trận bóng rổ NBA</i></p><p>Bên cạnh 2 đội bóng trên và một số CLB có tiếng tăm tại châu Âu khác, giải nhà nghề Mỹ luôn để mắt đến Griezmann bởi anh là một fan bóng rổ hạng nặng. Griezmann mỗi lần đến Los Angeles là lại cặp với Carlos Vela để xem các trận đấu NBA, và ở Los Angeles có tận 2 đội NBA cho Griezmann đi xem (Lakers và Clippers). Los Angeles cũng có luôn 2 đội MLS là LAFC và Los Angeles Galaxy, trong đó LAFC vừa chiêu mộ Olivier Giroud trong khi đã sẵn có Hugo Lloris.</p><p>Tuy nhiên mọi chuyện đều vẫn phụ thuộc vào Griezmann có muốn ra đi không. AS cho biết Atletico Madrid đang mời Griezmann gia hạn và mối quan hệ giữa hai bên đang tốt đẹp, anh luôn được HLV Diego Simeone trọng dụng và cá nhân danh thủ người Pháp đã không còn muốn mắc lại sai lầm sang Barcelona trước đây.</p>', '1717122815736_Griezmann.jpg', 'Griezmann gây xôn xao châu Âu: Giá chỉ 15 triệu euro mùa hè này, đại gia đổ xô hỏi thăm', NULL),
	(16, NULL, '', '1', '2024-05-31 02:35:36.472000', '<p><strong>Theo Trung tâm Dự báo khí tượng thủy văn Quốc gia, cuối tuần (từ 31/5-2/6), hầu hết các khu vực trên cả nước ban ngày có nắng, có nơi nắng nóng. Tuy nhiên, từ chiều tối và đêm, các khu vực ở Bắc Bộ, Tây Nguyên và Nam Bộ xảy ra mưa rào và dông rải rác, có nơi mưa to, đề phòng ngập lụt ở nơi trũng thấp, sạt lở và lũ quét ở vùng núi.</strong></p><p><img src="https://icdn.24h.com.vn/upload/2-2024/images/2024-05-31/Thoi-tiet-cuoi-tuan-Mua-dong-xuat-hien-nhieu-noi-ve-chieu-toi-cuoi-tuan-1717112418-981-width1147height3096.jpg" alt="Thời tiết cuối tuần: Mưa dông xuất hiện nhiều nơi về chiều tối - 1"></p><p>Nguồn: https://nongthonviet.com.vn/thoi-tiet-cuoi-tuan-mua-dong-xuat-hien-nhieu-noi-ve-chieu-toi-1572450.ngn<br>&nbsp;</p>', '1717122936472_weather2.jpg', 'Thời tiết cuối tuần: Mưa dông xuất hiện nhiều nơi về chiều tối', '2024-05-31 02:36:00.397000');

-- Dumping structure for table portaljob.profile
CREATE TABLE IF NOT EXISTS `profile` (
  `id` bigint NOT NULL AUTO_INCREMENT,
  `approved_at` datetime(6) DEFAULT NULL,
  `create_at` date DEFAULT NULL,
  `status` bit(1) DEFAULT NULL,
  `title` varchar(255) CHARACTER SET utf8mb3 COLLATE utf8mb3_unicode_ci DEFAULT NULL,
  `update_at` datetime(6) DEFAULT NULL,
  `view_count` int DEFAULT NULL,
  `location_id` int DEFAULT NULL,
  `rank_id` int DEFAULT NULL,
  `user_id` bigint DEFAULT NULL,
  `working_model_id` int DEFAULT NULL,
  `expericences` longtext CHARACTER SET utf8mb3 COLLATE utf8mb3_unicode_ci,
  `langugages` longtext CHARACTER SET utf8mb3 COLLATE utf8mb3_unicode_ci,
  `licences` longtext CHARACTER SET utf8mb3 COLLATE utf8mb3_unicode_ci,
  `skills` longtext CHARACTER SET utf8mb3 COLLATE utf8mb3_unicode_ci,
  `address` varchar(255) CHARACTER SET utf8mb3 COLLATE utf8mb3_unicode_ci DEFAULT NULL,
  `birthdate` varchar(255) CHARACTER SET utf8mb3 COLLATE utf8mb3_unicode_ci DEFAULT NULL,
  `phone` varchar(255) CHARACTER SET utf8mb3 COLLATE utf8mb3_unicode_ci DEFAULT NULL,
  `cv_1_filename` varchar(255) COLLATE utf8mb3_unicode_ci DEFAULT NULL,
  `bd_1_filename` varchar(255) COLLATE utf8mb3_unicode_ci DEFAULT NULL,
  `bd_2_filename` varchar(255) COLLATE utf8mb3_unicode_ci DEFAULT NULL,
  `bd_3_filename` varchar(255) COLLATE utf8mb3_unicode_ci DEFAULT NULL,
  `cv_2_filename` varchar(255) COLLATE utf8mb3_unicode_ci DEFAULT NULL,
  `cv_3_filename` varchar(255) COLLATE utf8mb3_unicode_ci DEFAULT NULL,
  `url` varchar(255) COLLATE utf8mb3_unicode_ci DEFAULT NULL,
  PRIMARY KEY (`id`),
  KEY `FKla9kopl4kgeg1jr3iq5t9ii0t` (`location_id`),
  KEY `FKr9b2fxoxxeh9b7sdjt6v9ep6k` (`rank_id`),
  KEY `FKs14jvsf9tqrcnly0afsv0ngwv` (`user_id`),
  KEY `FKbmr786266uytteql3xpa174ay` (`working_model_id`),
  CONSTRAINT `FKbmr786266uytteql3xpa174ay` FOREIGN KEY (`working_model_id`) REFERENCES `workingmodel` (`id`),
  CONSTRAINT `FKla9kopl4kgeg1jr3iq5t9ii0t` FOREIGN KEY (`location_id`) REFERENCES `location` (`id`),
  CONSTRAINT `FKr9b2fxoxxeh9b7sdjt6v9ep6k` FOREIGN KEY (`rank_id`) REFERENCES `rank` (`id`),
  CONSTRAINT `FKs14jvsf9tqrcnly0afsv0ngwv` FOREIGN KEY (`user_id`) REFERENCES `users` (`id`)
) ENGINE=InnoDB AUTO_INCREMENT=30 DEFAULT CHARSET=utf8mb3 COLLATE=utf8mb3_unicode_ci;

-- Dumping data for table portaljob.profile: ~3 rows (approximately)
DELETE FROM `profile`;
INSERT INTO `profile` (`id`, `approved_at`, `create_at`, `status`, `title`, `update_at`, `view_count`, `location_id`, `rank_id`, `user_id`, `working_model_id`, `expericences`, `langugages`, `licences`, `skills`, `address`, `birthdate`, `phone`, `cv_1_filename`, `bd_1_filename`, `bd_2_filename`, `bd_3_filename`, `cv_2_filename`, `cv_3_filename`, `url`) VALUES
	(23, NULL, '2025-02-21', b'1', 'CV Android Developer in Japan js', '2025-02-21 07:00:21.839000', NULL, NULL, NULL, 86, NULL, '', '', '', '', 'Khu kinh tế CHuLai', '2024', '0988oo', '1740119867866_AI fundemental.docx', '1740121221839_giấy_chứng_nhận_đăng_ký_kinh_doanh_thay_đổi_lần_9.pdf', NULL, NULL, NULL, NULL, 'https://vieclam24h.vn/'),
	(27, NULL, '2025-02-27', b'1', 'fsadfds', NULL, NULL, NULL, NULL, 87, NULL, NULL, NULL, NULL, NULL, NULL, NULL, NULL, NULL, NULL, NULL, NULL, NULL, NULL, NULL),
	(28, NULL, '2025-10-30', b'1', 'xvxcv', '2025-10-30 02:37:13.368000', NULL, NULL, NULL, 9, NULL, '', '', '', '', NULL, NULL, NULL, '1761791833368_81-ov2MddEL._UF1000,1000_QL80_.jpg', NULL, NULL, NULL, NULL, NULL, NULL);

-- Dumping structure for table portaljob.rank
CREATE TABLE IF NOT EXISTS `rank` (
  `id` int NOT NULL AUTO_INCREMENT,
  `name` varchar(255) CHARACTER SET utf8mb3 COLLATE utf8mb3_unicode_ci DEFAULT NULL,
  `status` bit(1) DEFAULT NULL,
  PRIMARY KEY (`id`)
) ENGINE=InnoDB AUTO_INCREMENT=10 DEFAULT CHARSET=utf8mb3 COLLATE=utf8mb3_unicode_ci;

-- Dumping data for table portaljob.rank: ~9 rows (approximately)
DELETE FROM `rank`;
INSERT INTO `rank` (`id`, `name`, `status`) VALUES
	(1, 'Sinh viên / thực tập sinh', b'1'),
	(2, 'Mới tốt nghiệp', b'1'),
	(3, 'Nhân viên', b'1'),
	(4, 'Trưởng nhóm', b'1'),
	(5, 'Trưởng phòng', b'1'),
	(6, 'Quản lý', b'1'),
	(7, 'Kỹ sư trưởng', b'1'),
	(8, 'Nhân viên kỹ thuật', b'1'),
	(9, 'Kỹ thuật viên cao cấp', NULL);

-- Dumping structure for table portaljob.role
CREATE TABLE IF NOT EXISTS `role` (
  `id` bigint NOT NULL AUTO_INCREMENT,
  `name` varchar(255) CHARACTER SET utf8mb3 COLLATE utf8mb3_unicode_ci DEFAULT NULL,
  PRIMARY KEY (`id`)
) ENGINE=InnoDB AUTO_INCREMENT=4 DEFAULT CHARSET=utf8mb3 COLLATE=utf8mb3_unicode_ci;

-- Dumping data for table portaljob.role: ~3 rows (approximately)
DELETE FROM `role`;
INSERT INTO `role` (`id`, `name`) VALUES
	(1, 'ADMIN'),
	(2, 'USER'),
	(3, 'CANDIDATE');

-- Dumping structure for table portaljob.slide
CREATE TABLE IF NOT EXISTS `slide` (
  `id` int NOT NULL AUTO_INCREMENT,
  `comment` varchar(255) CHARACTER SET utf8mb3 COLLATE utf8mb3_unicode_ci DEFAULT NULL,
  `create_at` datetime(6) DEFAULT NULL,
  `file_name` varchar(255) CHARACTER SET latin1 COLLATE latin1_swedish_ci DEFAULT NULL,
  `status` bit(1) DEFAULT NULL,
  `title` varchar(255) CHARACTER SET utf8mb3 COLLATE utf8mb3_unicode_ci DEFAULT NULL,
  `update_at` datetime(6) DEFAULT NULL,
  PRIMARY KEY (`id`)
) ENGINE=InnoDB AUTO_INCREMENT=40 DEFAULT CHARSET=utf8mb3 COLLATE=utf8mb3_unicode_ci;

-- Dumping data for table portaljob.slide: ~4 rows (approximately)
DELETE FROM `slide`;
INSERT INTO `slide` (`id`, `comment`, `create_at`, `file_name`, `status`, `title`, `update_at`) VALUES
	(36, 'sdsd', '2024-06-20 06:22:05.292000', '1718864525292_slide1.jpg', b'1', 'Slide 1', '2024-07-10 09:41:15.254000'),
	(37, '', '2024-06-20 06:24:21.780000', '1718864661780_slide2.jpg', b'1', 'Slide 2', NULL),
	(38, '', '2024-06-20 06:24:36.280000', '1718864676280_slide3.jpg', b'1', 'Slide 3', '2024-07-10 09:41:22.871000'),
	(39, '', '2024-07-04 07:17:51.356000', '1720604501103_slide2.jpg', b'1', 'kkkk', '2024-12-05 04:35:42.707000');

-- Dumping structure for table portaljob.tastimonial
CREATE TABLE IF NOT EXISTS `tastimonial` (
  `id` int NOT NULL AUTO_INCREMENT,
  `comment` varchar(255) CHARACTER SET utf8mb3 COLLATE utf8mb3_unicode_ci DEFAULT NULL,
  `create_at` datetime(6) DEFAULT NULL,
  `file_name` varchar(255) CHARACTER SET latin1 COLLATE latin1_swedish_ci DEFAULT NULL,
  `status` bit(1) DEFAULT NULL,
  `title` varchar(255) CHARACTER SET utf8mb3 COLLATE utf8mb3_unicode_ci DEFAULT NULL,
  `update_at` datetime(6) DEFAULT NULL,
  `sub_title` varchar(255) CHARACTER SET utf8mb3 COLLATE utf8mb3_unicode_ci DEFAULT NULL,
  PRIMARY KEY (`id`)
) ENGINE=InnoDB AUTO_INCREMENT=8 DEFAULT CHARSET=utf8mb3 COLLATE=utf8mb3_unicode_ci;

-- Dumping data for table portaljob.tastimonial: ~6 rows (approximately)
DELETE FROM `tastimonial`;
INSERT INTO `tastimonial` (`id`, `comment`, `create_at`, `file_name`, `status`, `title`, `update_at`, `sub_title`) VALUES
	(1, 'Tư vấn nhân viên Văn phòng', '2024-06-19 03:42:57.214000', '1718780144189_Griezmann.jpg', b'0', 'Trần Bảo Long', '2025-04-16 07:43:35.981000', '0988 888 888'),
	(3, 'Tư vấn tuyển dụng Kỹ sư vùng Kanto', '2024-06-19 03:54:47.909000', '1718769287909_person_6.jpg', b'1', 'Expert Doctor', '2025-01-17 09:28:14.013000', 'Tel: 0987.999.879 '),
	(4, 'Tư vấn tuyển dụng tại Tokyo', '2024-06-19 04:09:01.883000', '1718779933091_IMA.jpg', b'0', 'Trần Hải Vân', '2025-12-25 06:35:00.555000', '0989 989 989'),
	(5, 'Tư vấn kỹ sư cơ khí', '2024-06-19 04:21:17.841000', '1718770877841_person_4.jpg', b'1', 'Vũ Hoài Anh', '2025-01-17 09:27:33.757000', '0978 978 978'),
	(6, 'Hỗ trợ tuyển dụng vùng Osaka', '2024-06-19 06:46:38.339000', '1718780158919_PEP.jpg', b'0', 'Vừ A Dính', '2025-12-25 06:35:22.282000', '0976 098 098'),
	(7, 'Hỗ trợ tuyển dụng lái xe', '2024-06-19 06:47:48.249000', '1718779668249_test-thumb1.jpg', b'1', 'Dương Quốc Anh', '2025-02-06 04:34:47.179000', '0989-900-900');

-- Dumping structure for table portaljob.users
CREATE TABLE IF NOT EXISTS `users` (
  `id` bigint NOT NULL AUTO_INCREMENT,
  `address` varchar(255) CHARACTER SET utf8mb3 COLLATE utf8mb3_unicode_ci DEFAULT NULL,
  `email` varchar(255) CHARACTER SET utf8mb3 COLLATE utf8mb3_unicode_ci DEFAULT NULL,
  `enabled` bit(1) DEFAULT NULL,
  `fullname` varchar(255) CHARACTER SET utf8mb3 COLLATE utf8mb3_unicode_ci DEFAULT NULL,
  `gender` bit(1) DEFAULT NULL,
  `password` varchar(255) CHARACTER SET utf8mb3 COLLATE utf8mb3_unicode_ci DEFAULT NULL,
  `telephone` varchar(255) CHARACTER SET utf8mb3 COLLATE utf8mb3_unicode_ci DEFAULT NULL,
  `username` varchar(255) CHARACTER SET utf8mb3 COLLATE utf8mb3_unicode_ci DEFAULT NULL,
  `avata` varchar(255) CHARACTER SET utf8mb3 COLLATE utf8mb3_unicode_ci DEFAULT NULL,
  `url` varchar(255) COLLATE utf8mb3_unicode_ci DEFAULT NULL,
  `create_at` date DEFAULT NULL,
  `userurl` varchar(255) COLLATE utf8mb3_unicode_ci DEFAULT NULL,
  PRIMARY KEY (`id`)
) ENGINE=InnoDB AUTO_INCREMENT=89 DEFAULT CHARSET=utf8mb3 COLLATE=utf8mb3_unicode_ci;

-- Dumping data for table portaljob.users: ~10 rows (approximately)
DELETE FROM `users`;
INSERT INTO `users` (`id`, `address`, `email`, `enabled`, `fullname`, `gender`, `password`, `telephone`, `username`, `avata`, `url`, `create_at`, `userurl`) VALUES
	(1, 'Khu kinh tế lao bảo', 'admin123@email.com', b'1', 'Admin  User', b'1', '$2a$10$KJY.K4paXGEPcNKE8PFISeGZiYZRy4T1RAtqgZe8mQxD0GJ5bxqSC', '', 'ptk', NULL, NULL, '2025-01-20', NULL),
	(3, 'Ngô Quyền, Hà Nội', 'abc@email.com', b'1', 'Ethan Leo', b'1', '$2a$10$uZFpcjdk2bTfNJnK7jjle.75WE6HNzStMlZFaKhSZcN2H7hisAFDC', '56789063t34tbb', 'khanh2', NULL, NULL, '2025-01-20', NULL),
	(4, 'New york ferf ', 'abc@gmail.com', b'1', 'Ứng viên mói', b'0', '$2a$10$jE3Wt7zATOH/h69QKrjYQe9f0pdxv7Wl1Jasi08P1m8VpxTWkjkeq', '0987654334', 'khanh3', '1736222904106_22-495-171.jpg', NULL, '2025-01-20', NULL),
	(8, 'Định Công, Hoàng Mai, Hà Nội, Việt Nam', 'tkahn@maik.com', b'1', 'Trần Văn Koong', b'0', '$2a$10$ZYE40j4a3iU3P9JIPzY4Meiy.X5Kpl4c0vnk/CIYL6BHY7Asz0PH.', '0987654334', 'user2', NULL, NULL, '2025-01-20', NULL),
	(9, 'Tottenham', 'kane@email.com', b'1', 'Harry kanef', b'1', '$2a$10$QL7W9ufoXm3Da/rsZODeou27I1.y6N9xO78O9LR9SHVUUkaQc4s9i', NULL, 'kane', '1761791938859_Messi.jpg', NULL, '2025-01-20', NULL),
	(10, 'Bắc Luân Đôn', 'Foden@email.comg', b'1', 'Fill Foden mar', b'1', '$2a$10$qIrgZpe.czQt/V022AcHM.8ed78.byMfibAIjjw8adoRUCQYJxthm', NULL, 'foden', '1736933511651_22-495-171.jpg', NULL, '2025-01-20', NULL),
	(11, 'Khu dịch vụ du lịch Hà Nội', 'kssshanhnv1@gmail.com', b'1', 'Trần Văn Hồng Hà', b'1', '$2a$10$xLJc2/8MOLC1mwOhi/y3E.S54Nnn/5DyouHA3F9O4MXaEiq2ppv72', '9865433556DD', 'admin5', NULL, NULL, '2025-01-20', NULL),
	(86, 'Tòa nhà U&I, số 158 Ngô Gia Tự, P. Chánh Nghĩa, TP. Thủ Dầu Một, T. Bình Dương', 'tan@email.com.vn', b'1', 'Trần Nguyễn Bảo Lâm', b'0', '$2a$10$G7FkLZ7Y3678ueAprLFyz.IYRDKGtydURIl66eKLRurkhxnzg/d0i', NULL, 'peter2', '1739955575342_AA1yz6FO.jpg', NULL, NULL, NULL),
	(87, 'Nam Thái Bình Dương', 'khanhnv1980@gmail.com', b'1', 'Lê Văn Lệ', b'1', '$2a$10$Ao2yU0M4TcHZGti6e24hEubSAwlIOn6xsLBS.O9YIvPzxUlHhpmUK', NULL, 'lele', '1740623711001_about.jpg', NULL, NULL, NULL),
	(88, 'Cầu Giấy, Hà Nội, Việt Nam', 'khanhnv1980@gmail.com', b'1', 'HR công ty ', b'1', '$2a$10$U117CyFwQEvoq86mj2I2uuPzzd3EcmD.r0WjmzpBAEuAnnaTAQcfC', NULL, 'congty1', '1765355011897_th.jpg', NULL, NULL, NULL);

-- Dumping structure for table portaljob.users_roles
CREATE TABLE IF NOT EXISTS `users_roles` (
  `id` bigint NOT NULL AUTO_INCREMENT,
  `role_id` bigint DEFAULT NULL,
  `user_id` bigint DEFAULT NULL,
  PRIMARY KEY (`id`),
  KEY `FKt4v0rrweyk393bdgt107vdx0x` (`role_id`),
  KEY `FK2o0jvgh89lemvvo17cbqvdxaa` (`user_id`),
  CONSTRAINT `FK2o0jvgh89lemvvo17cbqvdxaa` FOREIGN KEY (`user_id`) REFERENCES `users` (`id`),
  CONSTRAINT `FKt4v0rrweyk393bdgt107vdx0x` FOREIGN KEY (`role_id`) REFERENCES `role` (`id`)
) ENGINE=InnoDB AUTO_INCREMENT=61 DEFAULT CHARSET=utf8mb3 COLLATE=utf8mb3_unicode_ci;

-- Dumping data for table portaljob.users_roles: ~9 rows (approximately)
DELETE FROM `users_roles`;
INSERT INTO `users_roles` (`id`, `role_id`, `user_id`) VALUES
	(1, 1, 1),
	(3, 3, 3),
	(4, 2, 4),
	(5, 3, 8),
	(6, 3, 11),
	(7, 3, 10),
	(8, 1, 9),
	(58, 3, 86),
	(59, 3, 87),
	(60, 2, 88);

-- Dumping structure for table portaljob.workingmodel
CREATE TABLE IF NOT EXISTS `workingmodel` (
  `id` int NOT NULL AUTO_INCREMENT,
  `name` varchar(255) CHARACTER SET utf8mb3 COLLATE utf8mb3_unicode_ci DEFAULT NULL,
  `status` bit(1) DEFAULT NULL,
  PRIMARY KEY (`id`)
) ENGINE=InnoDB AUTO_INCREMENT=7 DEFAULT CHARSET=utf8mb3 COLLATE=utf8mb3_unicode_ci;

-- Dumping data for table portaljob.workingmodel: ~6 rows (approximately)
DELETE FROM `workingmodel`;
INSERT INTO `workingmodel` (`id`, `name`, `status`) VALUES
	(1, 'Toàn thời gian tạm thời', b'1'),
	(2, 'Bán thời gian', b'1'),
	(3, 'Toàn thời gian cố định', b'1'),
	(4, 'Hợp đồng ngắn hạn', b'1'),
	(5, 'Làm việc từ xa', b'1'),
	(6, 'Thực tập', b'1');

/*!40103 SET TIME_ZONE=IFNULL(@OLD_TIME_ZONE, 'system') */;
/*!40101 SET SQL_MODE=IFNULL(@OLD_SQL_MODE, '') */;
/*!40014 SET FOREIGN_KEY_CHECKS=IFNULL(@OLD_FOREIGN_KEY_CHECKS, 1) */;
/*!40101 SET CHARACTER_SET_CLIENT=@OLD_CHARACTER_SET_CLIENT */;
/*!40111 SET SQL_NOTES=IFNULL(@OLD_SQL_NOTES, 1) */;
